document_id,title
1-हेक्टेयर-में-काजू-की-खेती-की-लिए-मॉडल-प्रोफाइल-null-1,1 हेक्टेयर में काजू की खेती की लिए मॉडल प्रोफाइल
2022-924915-91593f93893e92894b902-915940-90692f-92694b917941928940-915930928947-915940-92894092493f,2022 तक किसानों की आय दोगुनी करने की नीति
20935940902-92a936941927928-91792392893e-92e947902-93693e92e93f932-93994b902917947-926947936-915947-,20वीं पशुधन गणना में शामिल होंगे देश के सभी राज्य एवं केंद्र शासित प्रदेश
80-90f91592193c-91c92e940928-92e947902-92c928947-92493e93293e92c-938947-93893e93293e92893e-91593094b,80 एकड़ जमीन में बने तालाब से सालाना करोड़ों की कमाई
fpo-क्या-है,FPO क्या है?
90590291594193093f924-917947939942902-90692793e93093f924-92a94d93094b92c93e92f94b91f93f915-92a94792f,अंकुरित गेहूं आधारित प्रोबायोटिक पेय पदार्थ
अंगूर-का-प्रजनन,अंगूर का प्रजनन
अंगूर-की-किस्में-905902917942930-915940-916947924940-2,अंगूर की किस्में
अंगूर-की-किस्में,अंगूर की किस्में
अंगूर-की-खेती-में-पोस्ट-हार्वेस्ट-टेक्नोलॉजी,अंगूर की खेती में पोस्ट हार्वेस्ट टेक्नोलॉजी
905902917942930-915940-916947924940-90f915-938939940-936941930941906924,अंगूर की खेती-व्यापक संभावनाएं
905902917942930-915940-92b938932-91591f93e908,अंगूर की फसल-कटाई
अंगूर-की-सिंचाई_-खाद-और-पोषण,"अंगूर की सिंचाई, खाद और पोषण"
अंगूर-के-प्रमुख-रोगों-का-प्रबंधन,अंगूर के प्रमुख रोगों का प्रबंधन
अंगूर-में-कीट-का-प्रकोप,अंगूर में कीट का प्रकोप
अंगूर-में-रोग,अंगूर में रोग
अंगूर-में-विकार,अंगूर में विकार
अंगूर-रोपण,अंगूर रोपण
अंगूर_-इन्टरकल्चरल-ऑपरेशन्स,अंगूर: इन्टरकल्चरल ऑपरेशन्स
अंडा-उत्पादन-रोजगार-का-बेहतर-विकल्प,अंडा उत्पादन रोजगार का बेहतर विकल्प
अंडी,अंडी
अंतर्वर्ती-फसलोत्पादन-से-लें-दोगुना-फायदा,अंतर्वर्ती फसलोत्पादन से लें दोगुना फायदा
अक्टूबर-माह-के-कृषि-कार्य,अक्टूबर माह के कृषि कार्य
अगरबत्ती-क्षेत्र-स्थानीय-समुदायों-के-लिए-आजीविका-को-बेहतर-करेगा,अगरबत्ती क्षेत्र स्थानीय समुदायों के लिए आजीविका को बेहतर करेगा
अगस्त-माह-के-कृषि-कार्य,अगस्त माह के कृषि कार्य
90591793894d924-92e93e939-915947-91594393793f-91593e93094d92f,अगस्त माह के कृषि कार्य
90591793e924-915947-92c94091c-91593e-90992494d92a93e926928-915930-930939947902-93890291c940935,अगात के बीज का उत्पादन कर रहें संजीव
90591a94d91b940-90a92a91c-915947-93293f90f-92e93f91f94d91f940-91c93e90191a-915940-90693593694d92f915,अच्छी ऊपज के लिए मिट्टी जाँच की आवश्यकता
अच्छे-मधु-पालन-से-सुधरी-परिवार-की-सेहत,अच्छे मधु पालन से सुधरी परिवार की सेहत
अजोला-चारे-की-खेती,अजोला चारे की खेती
90591c94b93293e-201392a936941927928-91a93e930947-915947-93094292a-92e947902,अजोला –पशुधन चारे के रूप में
90592493f93093f91594d924-90692f-90f935902-92a94b937923-93894193091594d93793e-939947924941-93593094d9,अतिरिक्त आय एवं पोषण सुरक्षा हेतु वर्ष भर मशरूम उत्पादन
अतुल्यत_ilm-1990_-लेयर-चूजा_पोल्ट्री-किसानों-के-लिए-आशा-की-एक-नई-किरण,अतुल्यत(ILM-1990) लेयर चूजा–पोल्ट्री किसानों के लिए आशा की एक नई किरण
905926930915,अदरक
अदरक-की-जैविक-कृषि-से-संबंधित-कृषि-क्रियाएं,अदरक की जैविक कृषि से संबंधित कृषि क्रियाएं
905926930915-915940-93594891c94d91e93e92893f915-916947924940,अदरक की वैज्ञानिक खेती
अदरक-की-वैज्ञानिक-खेती,अदरक की वैज्ञानिक खेती
905926930915-915947-92e94191694d92f-91594091f94b902-90f935902-93094b91794b902-91593e-93892e94791593f,अदरक के मुख्य कीटों एवं रोगों का समेकित नाशीजीव प्रबंधन
905926930915-915947-93293f90f-93892e94791593f924-91594091f-92a94d93092c902927928-92a94891594791c,अदरक के लिए समेकित कीट प्रबंधन पैकेज
अदरक-के-साथ-अरहर-की-अंतर्वर्तीय-खेती,अदरक के साथ अरहर की अंतर्वर्तीय खेती
अधिक-उत्पादन-हेतु-उन्नतशील-फसल-प्रभेद,अधिक उत्पादन हेतु उन्नतशील फसल प्रभेद
90592793f915-92193f92e93e902921-92e947902-930939928947-93593e932947-92b94293294b902-915940-916947924,अधिक डिमांड में रहने वाले फूलों की खेती
90592793f915-92a94892693e93593e930-915947-93293f90f-90592e94d93294092f-92e94392693e-92e947902-91a942,अधिक पैदावार के लिए अम्लीय मृदा में चूना का प्रयोग एवं प्रबंधन
अधिक-फसलोत्पादन-के-लिए-लवणग्रस्त-मृदा-सुधार-एवं-उचित-फसल-प्रबंधन-1,अधिक फसलोत्पादन के लिए लवणग्रस्त मृदा सुधार एवं उचित फसल प्रबंधन-1
अधिक-फसलोत्पादन-के-लिए-लवणग्रस्त-मृदा-सुधार-एवं-उचित-फसल-प्रबंधन-2,अधिक फसलोत्पादन के लिए लवणग्रस्त मृदा सुधार एवं उचित फसल प्रबंधन-2
अनन्नास-कृषिवानिकी-प्रणाली-से-जलवायु-परिवर्तन-की-चुनौतियों-का-सामना,अनन्नास कृषिवानिकी प्रणाली से जलवायु परिवर्तन की चुनौतियों का सामना
अनार-उत्पादन-की-तकनीक,अनार उत्पादन की तकनीक
90592893e930-93894b93293e92a941930-93293e932-938902915930-91593f93894d92e,अनार-सोलापुर लाल (संकर किस्म)
90592894092493e-928947-91590292a928940-92c92893e915930-915908-91593f93893e92894b902-91594b-926947-93,"अनीता ने कंपनी बनाकर, कई किसानों को दे रहीं प्रशिक्षण"
अनुपजाऊ-बारानी-क्षेत्रों-के-लिए-लाभकारी-है-मेहंदी,अनुपजाऊ बारानी क्षेत्रों के लिए लाभकारी है मेहंदी
90592894192c902927-91594393793f,अनुबंध कृषि
90592894193690293893f924-92a94d93092d947926-92c94091c-926930-90f935902-90993094d935930915-915940-92e,"अनुशंसित प्रभेद, बीज दर एवं उर्वरक की मात्रा"
अन्तर्राष्ट्रीय-बाज़ार-की-मांग-और-बिहार-में-मक्के-की-खेती-डा_गोपालजी-त्रिवेदी,अन्तर्राष्ट्रीय बाज़ार की मांग और बिहार में मक्के की खेती-डा.गोपालजी त्रिवेदी
अन्नानास-की-वैज्ञानिक-खेती-null-1,अन्नानास की वैज्ञानिक खेती
90592894d92f-91594d93093f92f93e-91593293e92a94b902-939947924941-92693f93693e-92893f93094d926947936,अन्य क्रिया-कलापों हेतु दिशा-निर्देश
अन्य-संसाधन-लिंक,अन्य संसाधन लिंक
90592a928947-92a936941-91594b-93892e91d947902,अपने पशु को समझें
अप्रैल-माह-के-कृषि-कार्य,अप्रैल माह के कृषि कार्य
90592a94d930948932-92e93e939-915947-91594393793f-91593e93094d92f,अप्रैल माह के कृषि कार्य
अफीम-पोस्त-की-खेती-के-लिए-वार्षिक-लाइसेंसिंग-नीति,अफीम पोस्त की खेती के लिए वार्षिक लाइसेंसिंग नीति
90592e91a942930-90992494d92a93e926928-938947-932947902-90592793f915-92e94192893e92b93e,अमचूर उत्पादन और अधिक मुनाफा
अमचूर-उत्पादन-से-लें-अधिक-मुनाफा,अमचूर उत्पादन से लें अधिक मुनाफा
अमरुद-एवं-लीची,अमरुद एवं लीची
अमरुद-की-खेती,अमरुद की खेती
अमरुद-की-वैज्ञानिक-खेती,अमरुद की वैज्ञानिक खेती
90592e930941926-915940-938918928-92c93e91793593e928940-92c93f91c92894c930-91c93f93293e,अमरुद की सघन बागवानी-बिजनौर जिला
अमरुदआंवला-और-केला,"अमरुद,आंवला और केला"
अमरूद-एवं-आंवला-की-खेती,अमरूद एवं आंवला की खेती
अमरूद-की-खेती,अमरूद की खेती
अमरूद-के-साथ-पपीते-की-फसल,अमरूद के साथ पपीते की फसल
अमरूद-में-जड़गांठ-सूत्रकृमि-की-रोकथाम,अमरूद में जड़गांठ सूत्रकृमि की रोकथाम
90592e943924-92a93e928940,अमृत पानी
90592e94d93294092f-92d94292e93f-91593e-92a94d93092c92894d927928,अम्लीय भूमि का प्रबन्धन
90592e94d93294092f-92e94392693e-92e947902-91a94292893e-92193e93294b92e93e90891f-91593e-92a94d93092f9,अम्लीय मृदा में चूना/डालोमाईट का प्रयोग एवं प्रबन्धन
905930902921-915940-90992894d928924-90992494d92a93e926928-924915928940915,अरंड की उन्नत उत्पादन तकनीक
अरण्डी-रेशम-का-उत्पादन,अरण्डी रेशम का उत्पादन
अरहर,अरहर
905930939930-915940-90992894d928924936940932-916947924940,अरहर की उन्नतशील खेती
अरहर-की-खेती-ने-श्री-त्रिपुरारी-सिंह-के-मन-को-हर-लिया,अरहर की खेती ने श्री त्रिपुरारी सिंह के मन को हर लिया
अरहर-की-खेती-बना-गिरिडीह-के-किसान-के-प्रगति-का-राज,अरहर की खेती बना गिरिडीह के किसान के प्रगति का राज
905930939930-915940-92b938932-92e947902-91a93f92494d92494092693e930-92b932940-91b947926915-91593e-93,अरहर की फसल में चित्तीदार फली छेदक का समेकित नाशीजीव प्रबंधन
905930939930-92e947902-92c93e90191d92a928-92e94b91c93e907915-93094b917-90f935902-90793891593e-92a94d,अरहर में बाँझपन मोजाइक रोग एवं इसका प्रबंधन
905930939930-92e947902-92c947-92a94892e93e928947-92a930-92c939941-93894d92593e92894092f-90690892a940,अरहर में बड़े पैमाने पर बहु स्थानीय आईपीएम प्रदर्शन की सफलता की कहानी
905930939930-92e947902-932917928947-93593e932947-92b938932-915947-91594091f94b902-914930-92a93e92692,अरहर में लगने वाले फसल के कीटों और पादप रोगों की जानकारी
अरहर_-मूंग-एवं-उड़द-की-बुआई-और-देखभाल,"अरहर, मूंग एवं उड़द की बुआई और देखभाल"
अरहर_-मूंग-और-उड़द,"अरहर, मूंग और उड़द"
अरहर-मूंग-उड़द-और-राजमा,"अरहर, मूंग, उड़द और राजमा"
अर्का-किरण-अमरूद-एफ-1-हाइब्रिड-की-खेती-ने-खोली-सफलता-की-नई-राह,अर्का किरण अमरूद एफ 1 हाइब्रिड की खेती ने खोली सफलता की नई राह
अर्द्धशुष्क-क्षेत्रों-में-बाग-की-स्थापना,अर्द्धशुष्क क्षेत्रों में बाग की स्थापना
अलसी,अलसी
905932938940-91593e-92a94b93294d91f94d930940-90992494d92a93e92694b902-92e947902-91392e94791793e-3-92,अलसी का पोल्ट्री उत्पादों में ओमेगा-3 बढ़ाने हेतु उपयोग
अलसी-का-पौष्टिक-महत्व-एवं-वैज्ञानिक-खेती,अलसी का पौष्टिक महत्व एवं वैज्ञानिक खेती
अश्वगंधा,अश्वगंधा
अश्वगंधा-की-उन्नत-खेती,अश्वगंधा की उन्नत खेती
अश्वगंधा_-सतावर-एवं-सर्पगंधा-के-औषधीय-गुण_-आर्थिक-महत्व-एवं-खेती,"अश्वगंधा, सतावर एवं सर्पगंधा के औषधीय गुण, आर्थिक महत्व एवं खेती"
अश्वगंधा-झारखंड-के-संदर्भ-में,अश्वगंधा-झारखंड के संदर्भ में
93893f90291a93f924-90f935902-90593893f90291a93f924-90592a93294792894d921-92793e928,असिंचित अपलेन्ड एवं लोलेन्ड धान
अज़ोला-चारा-_-जानकारी-एवं-अक्सर-पूछे-जाने-वाले-प्रश्न,अज़ोला चारा – जानकारी एवं अक्सर पूछे जाने वाले प्रश्न
आँवला-की-वैज्ञानिक-खेती,आँवला की वैज्ञानिक खेती
90690193593293e-915940-93892b932-916947924940,आँवला की सफल खेती
90690293593293e,आंवला
आंवला-की-खेती,आंवला की खेती
आंवला-कैंडी-का-बढ़ता-व्यवसायिक-महत्व,आंवला कैंडी का बढ़ता व्यवसायिक महत्व
आंवले-की-वैज्ञानिक-खेती-एवं-उपयोग,आंवले की वैज्ञानिक खेती एवं उपयोग
90690891f940-90692793e93093f924-92c93e91c93e930-93894291a92893e-92a94d93092393e932940,आईटी - आधारित बाजार सूचना प्रणाली
93894291a92893e-90f935902-93890291a93e930-92a94d93094c92694d92f94b91793f915940-915947-92e93e92794d92,आईटी के माध्यम से कृषि विस्तार एवं प्रयोगशाला परीक्षण
आकर्षण-का-केन्द्र-बनी-अनूठी-नर्सरी,आकर्षण का केन्द्र बनी अनूठी नर्सरी
आकांक्षी-जिलों-का-परिवर्तन-कृषि-संकेतक,आकांक्षी जिलों का परिवर्तन-कृषि संकेतक
आजीविका-का-साधन-है-रायण,आजीविका का साधन है रायण
आडू-या-सतालू-की-खेती,आडू या सतालू की खेती
आदर्श-पोषण-वाटिका,आदर्श पोषण वाटिका
90692693f93593e938940-91593f93893e92894b902-915947-93293f90f-91594393793f-93593e92893f915940-92a94d9,आदिवासी किसानों के लिए कृषि वानिकी प्रणाली
आधुनिक-कृषि-यंत्र,आधुनिक कृषि यंत्र
आधुनिक-तकनीक-से-सब्जी-पौध-उत्पादन,आधुनिक तकनीक से सब्जी पौध उत्पादन
90692794192893f915-92e92494d93894d92f-92a93e932928-938947-93892e94d92a92894d92892493e,आधुनिक मत्स्य पालन से सम्पन्नता
आम,आम
आम-एवं-अंगूर,आम एवं अंगूर
आम-एवं-नींबू-के-बागानों-में-एकीकृत-खरपतवार-प्रबंधन,आम एवं नींबू के बागानों में एकीकृत खरपतवार प्रबंधन
आम-एवं-लीची-के-बागों-का-जीर्णोधार,आम एवं लीची के बागों का जीर्णोधार
आम-एवं-लीची-के-बागों-में-अन्तर्वर्ती-फसलें,आम एवं लीची के बागों में अन्तर्वर्ती फसलें
आम-की-आधुनिक-बागवानी,आम की आधुनिक बागवानी
90692e-915940-916947924940,आम की खेती
आम-की-खेती-की-तकनीकी-अपेक्षाएं,आम की खेती की तकनीकी अपेक्षाएं
आम-की-वैज्ञानिक-खेती,आम की वैज्ञानिक खेती
आम-की-संकर-किस्मों-की-लाभकारी-बागवानी,आम की संकर किस्मों की लाभकारी बागवानी
आम-की-सघन-बागवानी,आम की सघन बागवानी
90692e-915940-93894193091594d93793e-915947-93293f90f-93593f91593893f924-201891f94d93094892a2019,आम की सुरक्षा के लिए विकसित ‘ट्रैप’
आम-की-_सदाबहार_-किस्म,आम की ‘सदाबहार' किस्म
आम-के-प्रमुख-कीटों-का-एकीकृत-प्रबंधन,आम के प्रमुख कीटों का एकीकृत प्रबंधन
आम-के-प्रमुख-कीटों-का-प्रबंधन,आम के प्रमुख कीटों का प्रबंधन
आम-के-बागों-का-जीर्णोद्धार-null-1,आम के बागों का जीर्णोद्धार
90692e-915947-93094b91794b902-915940-93094b91592593e92e-93890292c902927940-91c93e92891593e930940,आम के रोगों की रोकथाम संबंधी जानकारी
90692e-92c93e91793e92894b902-92e947902-91a93e93093e-90992494d92a93e926928,आम बागानों में चारा उत्पादन
आम-में-फल-झड़ने-की-समस्या-एवं-प्रबंधन,आम में फल झड़ने की समस्या एवं प्रबंधन
90692e-92e947902-93892e94791593f924-92893e93694091c940935-92a94d93092c902927928-2013-90f915-93892b93,आम में समेकित नाशीजीव प्रबंधन – एक सफल कहानी
आम_-केले-और-पपीते-का-एक-समान-पकना,"आम, केले और पपीते का एक समान पकना"
90692f-90593094d91c928-91593e-93894d93094b924-939948-91594192e91f,आय अर्जन का स्रोत है कुमट
90692f-92c93e928947-92e947902-90992a92f94b917940-92a94d92f93e91c-90f935902-932939938941928-915940-92,आय बढ़ाने में उपयोगी प्याज एवं लहसुन की नई प्रौद्योगिकियां
आय-में-बढ़ोतरी-के-लिए-काठिया-गेहूँ-_किस्म-एच-आई-8717_-का-लोकप्रियकरण,आय में बढ़ोतरी के लिए काठिया गेहूँ (किस्म एच आई-8717) का लोकप्रियकरण
90693094d91593f921,आर्किड
आलू-उत्पादन-की-तकनीकी,आलू उत्पादन की तकनीकी
आलू-एवं-टमाटर,आलू एवं टमाटर
आलू-एवं-प्याज-की-फसल,आलू एवं प्याज की फसल
आलू-का-घातक-झुलसा-रोग,आलू का घातक झुलसा रोग
आलू-की-अगेती-फसल-का-प्रबंधन,आलू की अगेती फसल का प्रबंधन
आलू-की-उन्नत-किस्में,आलू की उन्नत किस्में
906932942-915940-916947924940-93894193294d92493e92892a941930-915947-93890292693094d92d-92e947902,आलू की खेती-सीतापुर के संदर्भ में
906932942-915940-91c94893593f915-916947924940-938947-93890292c90292793f924-91594393793f-91594d93093f,आलू की जैविक खेती से संबंधित कृषि क्रियाएं
आलू-की-देखभाल,आलू की देखभाल
आलू-की-नई-विकसित-किस्में,आलू की नई विकसित किस्में
आलू-की-फसल,आलू की फसल
906932942-915940-92b938932-92e947902-91693092a92493593e930-92a94d93092c902927928,आलू की फसल में खरपतवार प्रबंधन
आलू-की-वैज्ञानिक-खेती,आलू की वैज्ञानिक खेती
906932942-915947-91b93f932915947-938947-91693e92694d92f-930947936947-91593e-92893f93794d91593094d937,आलू के छिलके से खाद्य रेशे का निष्कर्षण और उपयोग
आलू-के-झुलसा-रोगों-का-प्रबंधन,आलू के झुलसा रोगों का प्रबंधन
आलू-फसल-की-सस्य-क्रियाएं,आलू फसल की सस्य क्रियाएं
आलू-भंडारण-की-विभिन्न-विधियां,आलू भंडारण की विभिन्न विधियां
आलू-से-बिजली-पैदा-करने-की-तैयारी,आलू से बिजली पैदा करने की तैयारी
आलू-भिंडी-एवं-टमाटर,"आलू, भिंडी एवं टमाटर"
आलू-मूलीआंवला-एवं-अन्य-सब्जियां,"आलू, मूली,आंवला एवं अन्य सब्जियां"
आलूवर्गीय-सब्जियों-के-जीवाणुजनित-उकठा-रोग,आलूवर्गीय सब्जियों के जीवाणुजनित उकठा रोग
आवश्यक-कच्चा-माल-और-मशीनरी,आवश्यक कच्चा माल और मशीनरी
आवश्यक-पोषक-तत्वों-की-मृदा-एवं-पादप-वृद्धि-में-उपयोगिता-महत्व-तथा-उनकी-कमी-के-लक्षण,"आवश्यक पोषक तत्वों की मृदा एवं पादप वृद्धि में उपयोगिता, महत्व तथा उनकी कमी के लक्षण"
90693593e938-93594d92f93593894d92593e,आवास व्यवस्था
90693993e930-915947-92492494d935-90f935902-93593f93694793792493e90f902,आहार के तत्व एवं विशेषताएं
90693993e930-93594d92f93593894d92593e,आहार व्यवस्था
इंफाल-में-तोरिया-सरसों-की-उपज-में-वृद्धि,इंफाल में तोरिया सरसों की उपज में वृद्धि
इसबगोल,इसबगोल
908-92a93694193993e91f-92a94b93094d91f932,ई-पशुहाट पोर्टल
90893892c91794b932-92e92794d92f92a94d930926947936-915947-93890292693094d92d-92e947902,ईसबगोल-मध्यप्रदेश के संदर्भ में
उकठा-राेग,उकठा राेग
90991a94d91a-90992494d92a93e92691592493e-915947-93293f92f947-92e92794192e91594d91693f92f94b902-91594,उच्च उत्पादकता के लिये मधुमक्खियों की कॉलोनियों का प्रबंध
उच्च-चीनी-परता-के-लिए-गन्ने-का-रखरखाव,उच्च चीनी परता के लिए गन्ने का रखरखाव
उत्तक-संवर्धित-केला-की-वैज्ञानिक-खेती,उत्तक संवर्धित केला की वैज्ञानिक खेती
90992494d92492e-91590292a94b93894d91f-939947924941-91c93e92a93e928940-93593f92793f,उत्तम कंपोस्ट हेतु जापानी विधि
उत्तम-सेहत-के-लिए-कंटोला-की-खेती,उत्तम सेहत के लिए कंटोला की खेती
उत्तम-स्वास्थ्य-एवं-पोषण-का-आधार-है-गृह-वाटिका,उत्तम स्वास्थ्य एवं पोषण का आधार है गृह वाटिका
90992494d924930-92a94d930926947936-91594393793f-92894092493f-968966967969,"उत्तर प्रदेश कृषि नीति, 2013"
उत्तर-प्रदेश-में-गन्ने-की-वैज्ञानिक-खेती,उत्तर प्रदेश में गन्ने की वैज्ञानिक खेती
90992494d924930-92a94d930926947936-92e947902-92e93693094192e-915940-90992894d928924936940932-9169479,उत्तर प्रदेश में मशरुम की उन्नतशील खेती
उत्तर-पूर्व-भारत-के-लिए-प्रौद्योगिकी,उत्तर-पूर्व भारत के लिए प्रौद्योगिकी
उत्तरप्रदेश-राज्य-में-मछली-पालन-से-जुड़ी-प्रश्नोत्तरी,उत्तरप्रदेश राज्य में मछली पालन से जुड़ी प्रश्नोत्तरी
उत्पादकता-एवं-गुणवत्ता-बढ़ाने-में-प्लास्टिकल्चर-का-योगदान,उत्पादकता एवं गुणवत्ता बढ़ाने में प्लास्टिकल्चर का योगदान
90992494d92a93e926928-924915928940915,उत्पादन तकनीक
90992494d92a93e926928-92a94d93094c92694d92f94b91793f91593f92f93e901-91593e91c942,उत्पादन प्रौद्योगिकियाँ - काजू
90992494d92a93e926928-92a94d93094c92694d92f94b91793f915940,उत्पादन प्रौद्योगिकी
90992494d92a93e926928-92c93e928947-90f935902-92893894d932-93894192793e930-92e947902-92d94d930942923-,उत्पादन बढ़ाने एवं नस्ल सुधार में भ्रूण हस्तांतरण प्रौद्योगिकी अत्यंदत कारगर
उद्यान-आधारित-फसलो-में-समेकित-कीट-प्रबन्धन,उद्यान आधारित फसलो में समेकित कीट प्रबन्धन
उद्यानिक-फसलों-में-पलवार-से-लाभ,उद्यानिक फसलों में पलवार से लाभ
90992694d92f93e92893f915940-90f935902-91693e92694d92f-92a94d93093890293894d915930923-93593f92d93e917,उद्यानिकी एवं खाद्य प्रसंस्करण विभाग
90992694d92f93e92893f915940-90f935902-92a94d93091594d93794792494d930-93593e92893f915940-93593f92d93e,उद्यानिकी एवं प्रक्षेत्र वानिकी विभाग की योजनाएं
92c93e91793593e928940-92b93893294b902-92e947902-91592e-93593094d93793e-915940-92a93093f93894d92593f9,उद्यानी फसलों में कम वर्षा की परिस्थिति में प्रबंधन
90992894d928924-91594393793f-92c939941924-939940-90992a92f94b917940-939948902-93894291594d93794d92e9,उन्नत कृषि- बहुत ही उपयोगी हैं सूक्ष्मजीव
उन्नत-तकनीकी-से-अरहर-की-खेती_-लाभ-का-जरिया,उन्नत तकनीकी से अरहर की खेती: लाभ का जरिया
उन्नत-तकनीकों-से-बढ़ा-सकते-हैं-गेहूं-उत्पादन,उन्नत तकनीकों से बढ़ा सकते हैं गेहूं उत्पादन
90992894d928924-92c94091c,उन्नत बीज
उन्नतशील-फार्म-कार्य-संयंत्र-एवं-उपकरण,उन्नतशील फार्म कार्य संयंत्र एवं उपकरण
90992a-938924939940-92494c93293f92f93e-92a925930940932940-92d94292e93f-92a930-93892b932-92c93e917935,उप-सतही तौलिया: पथरीली भूमि पर सफल बागवानी के लिए सिंचाई की कारगर तकनीक
90992a93093593e930-92d94292e93f-915947-93293f90f-92c93e91793593e928940-915940-92c93994193894d9249309,उपरवार भूमि के लिए बागवानी की बहुस्तरीय फसल प्रणाली
उरद-की-खेती-ने-दिलाई-विशेष-पहचान,उरद की खेती ने दिलाई विशेष पहचान
उर्द,उर्द
उर्द-926932939928-2,उर्द
90993094d926-915940-916947924940-90992894d92893e935-915947-93890292693094d92d-92e947902,उर्द की खेती-उन्नाव के संदर्भ में
90993094d935930915-915947-93293f90f-91794b92c930-914930-92e94292494d928-91c94893593f915-915940-91694,उर्वरक के लिए गोबर और मूत्र जैविक की खेती कर पायें सफलता
उर्वरक-प्रयोग-में-नीम-लेपित-यूरिया-का-उपयोग,उर्वरक प्रयोग में नीम लेपित यूरिया का उपयोग
90993094d935930915-93893f90291a93e908-90f935902-91594091f-92a94d93092c902927928,"उर्वरक,सिंचाई एवं कीट प्रबंधन"
909926-92e942902917-935-93894b92f93e92c940928,"उड़द,मूंग,सोयाबीन व अरहर"
90a90291f928940-91593e-926942927-90592c-92e93e928935-90693993e930-915947-93293f90f-93293e92d92693e92,ऊंटनी का दूध अब मानव आहार के लिए लाभदायक
ऊसर-सुधार,ऊसर सुधार
ऋषिवत-किसान-उत्पादक-कंपनी_-लघु-और-सीमांत-किसानों-का-सशक्तिकरण,ऋषिवत किसान उत्पादक कंपनी: लघु और सीमांत किसानों का सशक्तिकरण
90f915-91793e902935-92e947902-90f915-91593f93893e928-91594d200d93292c,एक गांव में एक किसान क्लब
90f915-92a93094793693e928-92a93e93090292a93093f915-91593f93893e928-90f915-91593e93094d92c92893f915-9,एक परेशान पारंपरिक किसान एक कार्बनिक किसान में बदल गया
90f915-92e93993f93293e-928947-92c926932-92693f92f93e-91793e902935-92c928940-91794d930940928-93294792,"एक महिला ने बदल दिया गांव, बनी ग्रीन लेडी"
90f915-93994791594d91f94792f930-92d94292e93f-92e947902-90692e-915940-916947924940-915947-93293f90f-9,एक हेक्टेयर भूमि के लिए नमूना प्रोफाइल
90f915-93994791594d91f94792f930-92e947902-92e91b93294092a93e932928-915930-91592e93e-930939947-91a93e,एक हेक्टेयर में मछलीपालन कर कमा रहे चार लाख
90f915940915943924-91594393793f,एकीकृत कृषि
एकीकृत-कृषि,एकीकृत कृषि
एकीकृत-कृषि-प्रणाली-से-खाद्य-और-आजीविका-सुरक्षा,एकीकृत कृषि प्रणाली से खाद्य और आजीविका सुरक्षा
90f915940915943924-91a93e935932-91a93f90291791f-92a916-92e91b932940-92694d93593e93093e-92a93090292a9,एकीकृत चावल-चिंगट-पख मछली द्वारा परंपरागत पोक्काली चावल खेती का पुनर्नवीकरण
90f915940915943924-92c93e91793593e928940-93593f91593e938-92e93f936928-92694393794d91f93f91594b923,एकीकृत बागवानी विकास मिशन
एकीकृत-मछली-सह-मुर्गीपालन,एकीकृत मछली सह मुर्गीपालन
एकीकृत-मछली-सह-बतख-पालन,एकीकृत मछली-सह-बतख पालन
एकीकृत-मत्स्य-पालन,एकीकृत मत्स्य पालन
एक्वेरियम-में-गोल्ड-फिश-की-रंग-बिरंगी-प्रजातियां,एक्वेरियम में गोल्ड फिश की रंग-बिरंगी प्रजातियां
एजोला-मवेशियों-के-भोजन-के-रूप-में,एजोला-मवेशियों के भोजन के रूप में
एनआईएफ-की-पॉली-हर्बल-चिकित्सा-का-उपयोग-करके-डेयरी-पशुओं-के-बीच-किलनी-_टिक_-संक्रमण-के-पर्यावरण-अनुकू,एनआईएफ की पॉली हर्बल चिकित्सा का उपयोग करके डेयरी पशुओं के बीच किलनी (टिक) संक्रमण के पर्यावरण-अनुकूल नियंत्रण
एनआरसीएल-ट्राईकोडर्मा-एक-उत्कृष्ट-कवकनाशी-एवं-जैव-उर्वरक-लीची-की-खेती-1,एनआरसीएल ट्राईकोडर्मा एक उत्कृष्ट कवकनाशी एवं जैव उर्वरक
एनआरसीएल-ट्राईकोडर्मा-एक-उत्कृष्ट-कवकनाशी-एवं-जैव-उर्वरक,एनआरसीएल ट्राईकोडर्मा एक उत्कृष्ट कवकनाशी एवं जैव उर्वरक
90f92894d92594193093f92f92e,एन्थुरियम
एमू-पालन,एमू पालन
90f93093294d93894d91f94d93094b92e94793093f92f93e,एरल्स्ट्रोमेरिया
90f93294b92c94793093e-915940-916947924940-915930-90593694b915-928947-92c92893e92f940-905932917-92a93,एलोवेरा की खेती कर अशोक ने बनायी अलग पहचान
90f93693f92f928-93894092c93e938-92c93e93093e92e941902921940-93294791f94d938-91593291593094092b930-91,एशियन सीबास/बारामुंडी (लेट्स कलकरीफर) के बीजों और फिंगरलिंगों के आयात संबंधी दिशानिर्देश
sustainable-agriculture,एस.आर.आई (श्री)
90f938-906930-906908-924915928940915-938947-93094b92a928940-92793e928-915940-916947924940,एस.आर.आई. तकनीक से रोपनी धान की खेती
एसपीएफ-श्रिम्प-बूडस्टॉक-गुणन-केंद्रों-की-स्थापना-और-संचालन-को-विनियमित-करने-से-संबंधित-दिशानिर्देश-n,एसपीएफ श्रिम्प बूडस्टॉक गुणन केंद्रों की स्थापना और संचालन को विनियमित करने से संबंधित दिशानिर्देश
ऐरोपोनिक-विधि-से-बीज-आलू-का-उत्पादन,ऐरोपोनिक विधि से बीज आलू का उत्पादन
ऑयलसीड्स-किसान-मित्र,ऑयलसीड्स किसान मित्र
ऑर्किड्स-को-टिपभेदक-कीटों-से-नुकसान,ऑर्किड्स को टिपभेदक कीटों से नुकसान
ओल-_जिमीकंद_-की-वैज्ञानिक-खेती,ओल (जिमीकंद) की वैज्ञानिक खेती
913932-915940-916947924940-938947-90992694d92f92e940-92c928947-91593f93893e928,ओल की खेती से उद्यमी बने किसान
91493792794092f-90f935902-93894191790292793f924-92a94c92794b902-91593e-91594393793f-939947924941-935,औषधीय एवं सुगंधित पौधों का कृषि हेतु वर्गीकरण
औषधीय-एवं-सुगंधीय-पौधे-की-खेती,औषधीय एवं सुगंधीय पौधे की खेती
औषधीय-और-मेंथा-फसलों-में-देखभाल,औषधीय और मेंथा फसलों में देखभाल
औषधीय-गुणों-से-भरपूर-करेला_-भिंडी-और-मेथी,"औषधीय गुणों से भरपूर करेला, भिंडी और मेथी"
औषधीय-गुणों-से-भरपूर-है-कमरख,औषधीय गुणों से भरपूर है कमरख
91493792794092f-92a94c92794b902-915940-916947924940-92e947902-91c948935-90993094d935930915-91593e-92,औषधीय पौधों की खेती में जैव उर्वरक का महत्व
औषधीय-पौधों-की-जैविक-खेती,औषधीय पौधों की जैविक खेती
औषधीय-पौधों-के-लिए-ई-चरक-प्लेटफार्म,औषधीय पौधों के लिए ई-चरक प्लेटफार्म
कंडुआ-रोग,कंडुआ रोग
कंदीय-फसलों-से-भरपूर-आमदनी,कंदीय फसलों से भरपूर आमदनी
कटहल,कटहल
91591f939932-915940-916947924940,कटहल की खेती
91591f939932-915940-93594891c94d91e93e92893f915-916947924940,कटहल की वैज्ञानिक खेती
कठिया-_डयूरम_-गेहूँ-की-खेती,कठिया (डयूरम) गेहूँ की खेती
कठिया-गेहू,कठिया गेहू
91592493293e,कतला
कद्दू-वर्गीय-प्रमुख-सब्जियाँ-null-1,कद्दू वर्गीय प्रमुख सब्जियाँ
कद्दूवर्गीय-फसलें,कद्दूवर्गीय फसलें
कद्दूवर्गीय-सब्जियां,कद्दूवर्गीय सब्जियां
कद्वर्गीय-सब्जियों-में-कीट-प्रबंधन,कद्वर्गीय सब्जियों में कीट प्रबंधन
कपास,कपास
कपास-की-खेती-मध्यप्रदेश-के-संदर्भ-में,कपास की खेती-मध्यप्रदेश के संदर्भ में
कपास-की-फसल,कपास की फसल
कपास-की-फसल-की-बुआई-एवं-देखभाल,कपास की फसल की बुआई एवं देखभाल
कपास-की-फसल-में-आवश्यक-सस्य-क्रियाएं,कपास की फसल में आवश्यक सस्य क्रियाएं
कपास-की-फसल-में-आवश्यक-सस्य-क्रियाएं_,कपास की फसल में आवश्यक सस्य क्रियाएं
कपास-की-बुआई,कपास की बुआई
कपास-की-बुआई-एवं-देखभाल,कपास की बुआई एवं देखभाल
91592a93e938-92e947902-91594d93794792494d93093593e930-92e93e92894d92f915943924-93892e94791593f924-92,कपास में क्षेत्रवार मान्यकृत समेकित नाशीजीव प्रबंधन प्रौद्योगिकियां
91592a93e938-92e947902-93892e94791593f924-92893e93694091c940935-92a94d93092c902927928,कपास में समेकित नाशीजीव प्रबंधन
91592e-93293e917924-915940-91c932-93890291794d930939923-924915928940915,कम लागत की जल संग्रहण तकनीक
कम-लागत-की-फसल-ग्वारपाठा,कम लागत की फसल ग्वारपाठा
कम-लागत-की-सफल-कृषि-तकनीकें,कम लागत की सफल कृषि तकनीकें
कम-लागत-भंडारण-संरचना-और-बेहतर-भंडारण-विधि-से-बढ़ता-लहसुन-का-अचल-जीवन,कम लागत भंडारण संरचना और बेहतर भंडारण विधि से बढ़ता लहसुन का अचल जीवन
कम-लागत-में-शुरू-करें-बटेर-पालन,कम लागत में शुरू करें बटेर पालन
91592e-93593094d93793e-915940-92a93093f93894d92593f92493f-92e947902-92b932-915940-92b93893294b902-91,कम वर्षा की परिस्थिति में फल की फसलों का प्रबंधन
91592e-93593094d93793e-915940-92a93093f93894d92593f92493f-92e947902-92c93e91793e928940-92b93893294b9,कम वर्षा की परिस्थिति में बागानी फसलों का प्रबंधन
91592e-93593094d93793e-915940-92a93093f93894d92593f92493f-92e947902-92e93893e93293e-92b93893294b902-,कम वर्षा की परिस्थिति में मसाला फसलों का प्रबंधन
91592e-93593094d93793e-915940-92a93093f93894d92593f92493f-92e947902-93892c94d91c940-915940-92b938932,कम वर्षा की परिस्थिति में सब्जी की फसलों का प्रबंधन
91592e-93593094d93793e-92f93e-92e93e928938942928-92e947902-926947930940-93994b928947-92a930-92a93694,कम वर्षा या मानसून में देरी होने पर पशुपालक क्या करे?
91592e-93593094d93793e-93593e932947-91594d93794792494d930-92e947902-91593e932940-92e93f93094d91a-915,कम वर्षा वाले क्षेत्र में काली मिर्च की सफलतापूर्वक खेती- एक सफ़ल कहानी
कमरख-एक-लाभ-अनेक,कमरख एक-लाभ अनेक
91592e93e908-91a93e93093e91793e939-938947,कमाई चारागाह से
करंज-_बायो-डीजल-का-एक-संभावित-स्रोत_,करंज (बायो-डीजल का एक संभावित स्रोत)
91593094793293e,करेला
कलिका-चिप-बीजजनित-पौध-और-ऊतक-संवर्धित-पौधों-के-लिये-नई-कृषि-प्रौद्योगिकियां,कलिका चिप बीजजनित पौध और ऊतक संवर्धित पौधों के लिये नई कृषि प्रौद्योगिकियां
कलिहारी_gloriosa-superba-l_,कलिहारी(Gloriosa superba L)
कलौंजी-है-एक-महत्वपूर्ण-औषधीय-एवं-मसाला-फसल,कलौंजी है एक महत्वपूर्ण औषधीय एवं मसाला फसल
कवकफफूंद-जनित-रोग,कवक/फफूंद जनित रोग
कांस-उंप-मोथा-का-रसायनों-द्वारा-नियंत्रण-null-1,कांस उंप मोथा का रसायनों द्वारा नियंत्रण
91593e91c942-915940-916947924940,काजू की खेती
91593e91c942-915940-916947924940-2013-90591594d938930-92a94291b947-91c93e928947-93593e932947-92a94d9,काजू की खेती – अक्सर पूछे जाने वाले प्रश्न
91593e91c942-915947-93293f90f-93892e94791593f924-91594091f-92a94d93092c92894d927928,काजू के लिए समेकित कीट प्रबन्धन
91593e92e928-91593e93094d92a,कामन कार्प
91593e930928947936928,कारनेशन
कार्प-मछलियों-का-प्रेरित-प्रजनन,कार्प मछलियों का प्रेरित प्रजनन
91593e93094d92c92893f915-92a94d930926942937915-91593e930915-92a94d93092d93e935-935-92893f93593e93092,"कार्बनिक प्रदूषक-कारक, प्रभाव व निवारण"
कालमेघ-की-खेती,कालमेघ की खेती
काली-तुलसी,काली तुलसी
किन्नों-के-बागानों-में-लगने-वाले-कीट-व-टोगों-का-परिचय-एवं-उनका-समेकित-प्रबंधन-null-1,किन्नों के बागानों में लगने वाले कीट व टोगों का परिचय एवं उनका समेकित प्रबंधन
91593f92894d92894b902-92e947902-932917928947-93593e932947-92893e93694091c94093594b902-914930-92c9409,किन्नों में लगने वाले नाशीजीवों और बीमारियों का परिचय एवं उनका समेकित प्रबंधन
किराये-पर-खेती-के-माध्यम-से-गरीब-से-अमीर-बने-रामास्वामी-की-सफलता-की-कहानी,किराये पर खेती के माध्यम से गरीब से अमीर बने रामास्वामी की सफलता की कहानी
किसान-अपने-खेत-को-बनाएं-स्मार्ट-फार्म,किसान अपने खेत को बनाएं स्मार्ट फार्म
91593f93893e928-90992494d92a93e926915-91590292a928940,किसान उत्पादक कंपनी
91593f93893e928-91594d93094792193f91f-91593e93094d921,किसान क्रेडिट कार्ड
किसान-क्लब-से-बनी-कंपनी-राजापाकर-बना-जैविक-ग्राम,"किसान क्लब से बनी कंपनी, राजापाकर बना जैविक ग्राम"
91593f93893e928-916947924940-92d940-915930924947-914930-92c93e91c93e930-93291793e-915930-92d940-9159,किसान खेती भी करते और बाजार लगा कर भी कमाते है मुनाफा
किसान-समुदाय-समूह-के-साथ-मिलकर-की-खेती-null-1,किसान समुदाय समूह के साथ मिलकर की खेती
91593f93893e92894b902-915940-90592d93f928935-92a939932,किसानों की अभिनव पहल
किसानों-की-प्रगति-में-सहायक-हैं-कृषि-विज्ञान-केन्द्र,किसानों की प्रगति में सहायक हैं कृषि विज्ञान केन्द्र
91593f93893e92894b902-915947-93293f90f-92a94d93093693f91594d937923-90f935902-92a94d93093893e930,किसानों के लिए प्रशिक्षण एवं प्रसार
91593f93893e92894b902-915947-93293f90f-92a94d93093893e930-90f935902-92a94d93093693f91594d937923,किसानों के लिए प्रसार एवं प्रशिक्षण
किसानों-के-लिए-प्रसार-एवं-प्रशिक्षण,किसानों के लिए प्रसार एवं प्रशिक्षण
किसानों-के-लिए-सुझाव,किसानों के लिए सुझाव
किसानों-को-आत्मनिर्भर-बनाएगी-सी-वीड-की-खेती,किसानों को आत्मनिर्भर बनाएगी सी-वीड की खेती
किसानों-को-विश्व-की-पहली-नैनो-तरल-यूरिया-की-सौगात,किसानों को विश्व की पहली नैनो तरल यूरिया की सौगात
91593f93893e92894b902-928947-932939938941928-915940-916947924940-915930-92c92893e92f93e-932939938941,किसानों ने लहसुन की खेती कर बनाया लहसुन ग्राम
91594091a92193c-92e947902-92a93e92f947-91c93e92894793593e932947-91594791592193c93e,कीचड़ में पाया जाने वाला केकड़ा
कीट-एवं-राेकथाम,कीट एवं राेकथाम
91594091f-93594d92f93e92793f,कीट व्याधि
91594091f92893e93691594b902-91593e-93894193091594d93793f924-90992a92f94b917,कीटनाशकों का सुरक्षित उपयोग
कीटनाशकों-के-प्रयोग-द्वारा-कृषि-रक्षा-प्रबन्धन,कीटनाशकों के प्रयोग द्वारा कृषि रक्षा प्रबन्धन
कीटनाशकों-के-प्रयोग-द्वारा-कृषि-रक्षा-प्रबन्धन-92b93893294b92a93093e902924-92491592894091593f92f93e9,कीटनाशकों के प्रयोग द्वारा कृषि रक्षा प्रबन्धन
कीटों-की-रोकथाम-कर-बढ़ाएं-गन्ने-की-उत्पादकता,कीटों की रोकथाम कर बढ़ाएं गन्ने की उत्पादकता
कीवी-फल,कीवी फल
कुक्कुट-की-नस्लें-और-उनकी-उपलब्धता,कुक्कुट की नस्लें और उनकी उपलब्धता
91594191f915940-93093e917940-90f935902-92e91594d91593e,"कुटकी,रागी एवं मक्का"
91594193294d925940-915940-90992894d928924-916947924940,कुल्थी की उन्नत खेती
कुशल-गृहणी-से-कुशल-मशरुम-उत्पादक-बनी-अनीता,कुशल गृहणी से कुशल मशरुम उत्पादक बनी अनीता
कुसुम,कुसुम
91594193894192e-915940-916947924940,कुसुम की खेती
91594392494d93093f92e-91793094d92d93e92793e928-91593e-92a936941-93593f91593e938-91593e93094d92f-92e9,कृत्रिम गर्भाधान का पशु विकास कार्य में महत्व
91594392494d93093f92e-91793094d92d93e92793e928-93593092693e928,कृत्रिम गर्भाधान वरदान
कृषक-उत्पादक-संगठन-_fpo_-अर्थ_-संगठनात्मक-संरचना-और-ग्रामीण-अर्थव्यवस्था-में-भूमिका,"कृषक उत्पादक संगठन (FPO): अर्थ, संगठनात्मक संरचना और ग्रामीण अर्थव्यवस्था में भूमिका"
कृषक-उत्पादक-संगठनों-_fpo_-के-सशक्तिकरण-में-सरकारी-सहयोग-और-सब्सिडी-का-महत्व,कृषक उत्पादक संगठनों (FPO) के सशक्तिकरण में सरकारी सहयोग और सब्सिडी का महत्व
कृषक-महिलाओं-का-सशक्तीकरण,कृषक महिलाओं का सशक्तीकरण
915943937915-93892e91794d930-93593f91593e938-92f94b91c92893e,कृषक समग्र विकास योजना
कृषि---अक्सर-पूछे-जाने-वाले-प्रश्न,कृषि - अक्सर पूछे जाने वाले प्रश्न
91594393793f-90592d93f92f90292494d930923,कृषि अभियंत्रण
91594393793f-90592d93f92f93e90292494d93093f915940,कृषि अभियांत्रिकी
agri-based-enterprises,कृषि आधारित व्यवसाय
कृषि-ऋण,कृषि ऋण
banks-and-agricultural-credit,कृषि ऋण
91594393793f-90b923-90f935902-91594393793f-93593f92a923928,कृषि ऋण एवं कृषि विपणन
91594393793f-90b923,कृषि ऋण सहायता
91594393793f-90f935902-92a93694192a93e932928-938947-91c941940-90b923-92f94b91c92893e90f902,कृषि एवं पशुपालन से जुड़ी ऋण योजनाएं
91594393793f-915940-92893594092892492e-90593592793e93092393e92893e90f901,कृषि की नवीनतम अवधारणाएँ
91594393793f-91594d93294092893f915-914930-91594393793f-93594d92f93593893e92f-91594792894d92694d930-9,कृषि क्लीनिक और कृषि व्यवसाय केन्द्र योजना
कृषि-क्षेत्र-में-जल-संकट-से-निपटने-के-लिए-सस्ता-सौर-ऊर्जा-चालित-बैटरी-आधारित-स्प्रेयर,कृषि क्षेत्र में जल संकट से निपटने के लिए सस्ता सौर ऊर्जा चालित बैटरी आधारित स्प्रेयर
91594393793f-91c93f90293894b902-915940-91794d93094792193f902917-914930-92e93e928915940915930923,कृषि जिंसों की ग्रेडिंग और मानकीकरण
91594393793f-92a94d93093893e930-90f935902-92a94d93093693f91594d937923,कृषि प्रसार एवं प्रशिक्षण
91594393793f-92c94092e93e,कृषि बीमा
कृषि-बीमा-प्रधान-मंत्री-फसल-बीमा-योजना,कृषि बीमा - प्रधान मंत्री फसल बीमा योजना
input-agencies,"कृषि मंत्रालय, भारत सरकार"
91594393793f-92e936940928930940-90f935902-92a94d93094c92694d92f94b91793f915940,कृषि मशीनरी एवं प्रौद्योगिकी
91594393793f-92e936940928930940-914930-92a94d93094c92694d92f94b91793f915940,कृषि मशीनरी और प्रौद्योगिकी
कृषि-में-कटाई-बाद-की-मशक्कत-में-कमी,कृषि में कटाई बाद की मशक्कत में कमी
91594393793f-92e947902-91c932-93890293091594d937923-91594d92f94b902-914930-915948938947,कृषि में जल संरक्षण-क्यों और कैसे ?
कृषि-में-नैनोटेक्नोलॉजी-के-अभिनव-प्रयोग,कृषि में नैनोटेक्नोलॉजी के अभिनव प्रयोग
कृषि-में-महिला-सशक्तिकरण,कृषि में महिला सशक्तिकरण
91594393793f-92f90292494d930940915930923,कृषि यंत्रीकरण एवं पौध संरक्षण कार्यक्रम
91594393793f-92f90292494d93094b902-915947-93892e94d92c92894d927-92e947902-90693593694d92f915-91c93e9,कृषि यंत्रों के सम्बन्ध में आवश्यक जानकारी
91594393793f-92f94b91794d92f-92e93f91f94d91f940-90f915-93890291594d93793f92a94d924-92a93093f91a92f,कृषि योग्य मिट्टी-एक संक्षिप्त परिचय
agriculture,कृषि योजनाएं
91594393793f-935-91792894d92893e-93593f91593e938-915940-92f94b91c92893e92f947902,कृषि व गन्ना विकास की योजनायें
91594393793f-93593e92893f915940-915947-93293f90f-90992a92f94b917940-93594391594d93794b902-938947-92a,कृषि वानिकी के लिए उपयोगी वृक्षों से प्राप्त आय का ब्यौरा
91594393793f-93593e92893f915940-915947-93892b932-92a94d93092f94b91794b902-915947-91594191b-90992693e,कृषि वानिकी के सफल उदाहरण
91594393793f-93593e92893f915940-928947-93294c91f93e908-927928940-93093e92e-915940-92e94193894d915941,कृषि वानिकी ने लौटाई धनी राम की मुस्कुराहट
91594393793f-93593e92893f915940-938947-93994190f-915943937915-93994190f-91694193693993e932,कृषि वानिकी से हुए कृषक हुए खुशहाल
91594393793f-93593f92a923928,कृषि विपणन
कृषि-विपणन-_-राष्ट्रीय-कृषि-बाज़ार,कृषि विपणन : राष्ट्रीय कृषि बाज़ार
91594393793f-93593f92a923928-90692793e93093f915-93890293091a92893e,कृषि विपणन आधारिक संरचना
91594393793f-93593f92a923928-93593f93894d92493e930923-915947-92492494d935,कृषि विपणन विस्तारण के तत्व
92a93093f935939928,कृषि विपणन: परिवहन
91594393793f-93593f93894d92493e930-92e947902-92e93e93094d91594791f-92b94b915938-93293e92893e,कृषि विस्तार में मार्केट फोकस लाना
91594393793f-93694d93092e93f91594b902-915947-92691594d93792493e-90992894d92892f928,कृषि श्रमिकों की दक्षता उन्नयन
कृषि-संचालन-के-लिए-ऋण-सुविधाएं,कृषि संचालन के लिए ऋण सुविधाएं
91594393793f-93893991593e93093f92493e-90f935902-91593f93893e928-91593294d200d92f93e923-93593f92d93e9,कृषि सहकारिता एवं किसान कल्याण विभाग की उपलब्धियाँ
91594393793f-938947-91c941940-92a94d93093e92592e93f915-90b923-92f94b91c92893e90f902,कृषि से जुड़ी प्राथमिक ऋण योजनाएं
91594393793f-938947-92e92494d93894d92f-92a93e932928-924915-92c93994192e941916940-93294b91592493e915-,कृषि से मत्स्य पालन तक बहुमुखी लोकताक झील
91594393793f-939947924941-92a94d93092e941916-90b923-92f94b91c92893e92f947902,कृषि हेतु प्रमुख ऋण योजनायें
कृषि-रसायनों-के-दुष्प्रभाव-से-मानव-एवं-पर्यावरण-सुरक्षा,कृषि-रसायनों के दुष्प्रभाव से मानव एवं पर्यावरण सुरक्षा
91594393793f-93593e92893f915940,कृषि-वानिकी
91594790291a941906-91693e926-93593094d92e94091592e94d92a94b93894d91f-90992494d92a93e926928-924915928,केंचुआ खाद (वर्मीकम्पोस्ट) उत्पादन तकनीक
91594790291a941906-91693e926-90992494d92492e-91693e926,केंचुआ खाद - उत्तम खाद
91594790291a941906-91693e926-914930-91594393793f-915947-91f93f91593e90a92a928-92e947902-92f94b917926,केंचुआ खाद और कृषि का टिकाऊपन
केंचुआ-खाद-बनाने-की-विधि,केंचुआ खाद बनाने की विधि
91594790291a941906-91693e926-2013-90f915-92892f93e-92a94d93092f94b917,केंचुआ खाद – एक नया प्रयोग
91594790291a941906-91693e926-2013-93593094d92e940-91590292a94b93894d91f,केंचुआ खाद – वर्मी कंपोस्ट
91594790291a941906-92a93e932928-915940-93593f92793f,केंचुआ पालन की विधि
केंद्र-सरकार-की-किसान-पेंशन-योजना,केंद्र सरकार की किसान पेंशन योजना
92e91b93293f92f94b902-91593e-92e94293294d92f-93890293593094d927928-1,केज (पिंजरा) में मछली पालन
91594793293e-915947-93293f90f-93892e94791593f924-91594091f-92a94d93092c92894d927928,केला के लिए समेकित कीट प्रबन्धन
915947932947-91593e-90992494d924915-93890293593094d927928-90992494d92a93e926928-924915928940915,केले का उत्तक संवर्धन- उत्पादन तकनीक
915947932947-915940-916947924940,केले की खेती
91594793293e-915940-916947924940,केले की खेती
केले-की-खेती-कर-महिलाओं-ने-बदली-जिंदगी,केले की खेती कर महिलाओं ने बदली जिंदगी
92a94c927-93890293091594d937923,केले की खेती में पौध संरक्षण
केले-की-खेती-में-समेकित-कीट-प्रबंधन,केले की खेती में समेकित कीट प्रबंधन
915947932947-915940-92b938932,केले की फसल
केले-में-एकीकृत-जल-प्रबंधन,केले में एकीकृत जल प्रबंधन
केले-में-मासिक-कृषि-क्रियाएं,केले में मासिक कृषि क्रियाएं
केवीआईसी-द्वारा-किसानों-और-मधुमक्खी-पालकों-की-सहायता-के-लिए-नवोन्मेषी-मोबाइल-हनी-प्रोसेसिंग-वैन-की-श,केवीआईसी द्वारा किसानों और मधुमक्खी पालकों की सहायता के लिए नवोन्मेषी मोबाइल हनी प्रोसेसिंग वैन की शुरुआत
कैसा-हो-हमारा-स्मार्ट-किसान-और-खेती,कैसा हो हमारा स्मार्ट किसान और खेती
915948938940928-938947-93594d92f94192494d92a92894d928-91c948935-93891594d93093f92f-92a94792a94d91f93,कैसीन से व्युत्पन्न जैव सक्रिय पेप्टाइड्स और उनका मानव स्वास्थ्य पर प्रभाव
915948938947-915930947902-90692e-915940-916947924940,कैसे करें आम की खेती
कैसे-करें-उन्नत-बकरी-पालन,कैसे करें उन्नत बकरी पालन
कैसे-करें-सब्जियों-की-पौध-तैयारी,कैसे करें सब्जियों की पौध तैयारी
915948938947-92c928924947-939948902-92e94b924940,कैसे बनते हैं मोती
915948938947-92c947-92e91b94190693094b902-915940-90692f,कैसे बढ़े मछुआरों की आय
कैसे-लें-मूली-की-अधिक-उपज,कैसे लें मूली की अधिक उपज
कॉमन-कार्प-का-नियंत्रित-प्रजनन,कॉमन कार्प का नियंत्रित प्रजनन
कॉस्टस-का-औषधीय-महत्व,कॉस्टस का औषधीय महत्व
कोको-की-उत्पादन-तकनीक,कोको की उत्पादन तकनीक
कोको-की-खेती-_-अक्सर-पूछे-जाने-वाले-प्रश्न,कोको की खेती – अक्सर पूछे जाने वाले प्रश्न
कोडरमा-जिले-की-मिट्टी-का-स्वास्थ्य,कोडरमा जिले की मिट्टी का स्वास्थ्य
कोरोना-महामारी-2019-के-कारण-जारी-लॉकडाउन-में-मछुआरों-के-लिए-परामर्शी-दिशा-निर्देश,कोरोना महामारी-2019 के कारण जारी लॉकडाउन में मछुआरों के लिए परामर्शी दिशा-निर्देश
91594b93293f92f938-92b94b93094d93891694b932940-915940-916947924940,कोलियस फोर्सखोली की खेती
91594d93792e92493e-91c92891c93e92494092f-91594d93794792494d93094b902-92e947902-91c94d91e93e928-92a94,क्षमता - जनजातीय क्षेत्रों में ज्ञान प्रणाली एवं परिवार आधारित कृषि प्रबंधन
91691f94d91f947-92b93294b902-93893f91f94d930938-915940-1-0-93994791594d91f94792f930-92a930-916947924,खट्टे फलों (सिट्रस) की 1.0 हेक्टेयर पर खेती
खरगोश-पालन-सम्बन्धी-कुछ-आवश्यक-बातें,खरगोश पालन सम्बन्धी कुछ आवश्यक बातें
91693092a92493593e930-92893f92f90292494d930923,खरपतवार नियंत्रण
खरपतवार-नियंत्रण,खरपतवार नियंत्रण
खरपतवार-प्रबंधन,खरपतवार प्रबंधन
खरपतवारिक-धान-एक-उभरती-समस्या,खरपतवारिक धान एक उभरती समस्या
खरबूजा-के-विषाणु-राेग,खरबूजा के विषाणु राेग
खराब-उत्पादकता-से-बम्पर-उपज_-उत्तर-प्रदेश-में-तकनीकी-सहयोग-से-सोडिक-कृषि-पारितंत्र-से-उच्च-लाभांस-प्,खराब उत्पादकता से बम्पर उपज: उत्तर प्रदेश में तकनीकी सहयोग से सोडिक कृषि पारितंत्र से उच्च लाभांस प्राप्त
91693094092b-915940-924947932939928940-92b938932947902,खरीफ की तेलहनी फसलें
91693094092b-926932939928940-92b938932947902,खरीफ दलहनी फसलें
खरीफ-प्याज-उत्पादन-तकनीक,खरीफ प्याज उत्पादन तकनीक
91693094092b-92b93893294b902-91593e-91594091f-92a94d93092c92894d927928,खरीफ फसलों का कीट प्रबन्धन
91693094092b-92b93893294b902-92e947902-91693092a92493593e930-92893f92f90292494d930923,खरीफ फसलों में खरपतवार नियंत्रण
खरीफ-मक्का-की-उत्पादन-तकनीक,खरीफ मक्का की उत्पादन तकनीक
91693094092b-92e947902-939930947-91a93e930947-915940-92b938932-915947-93293f90f-91c94d93593e930-9159,खरीफ में हरा चारा और ज्वार की बुआई
91693094092b-92e94c93892e-92e947902-90992694d92f93e92893f915-92b93893294b902-915940-938918928-92a926,खरीफ मौसम में उद्यानिक फसलों की सघन पद्धतियाँ
916938-915940-916947924940,खस की खेती
खस-की-वैज्ञानिक-खेती,खस की वैज्ञानिक खेती
खाऊ-मछलियों-का-उन्मूलन-बिहार-में-मछली-पालन-1,खाऊ मछलियों का उन्मूलन
खाऊ-मछलियों-का-उन्मूलन,खाऊ मछलियों का उन्मूलन
91693e926-90992494d92a93e926928-91593e-90693094d92593f915-90593e902915932928,खाद उत्पादन का आर्थिक आंकलन
खाद्य-कोटिंग-से-फल-भंडारण-गुणवत्ता-में-वृद्धि,खाद्य कोटिंग से फल भंडारण गुणवत्ता में वृद्धि
91693e92694d92f-92a94d93093890293894d200d915930923-90992694d92f94b917-92e90292494d93093e93292f-92894,खाद्य प्रसंस्करण उद्योग मंत्रालय ने ऑपरेशन ग्रीन के लिए मार्ग-निर्देश जारी किए
91693e92694d92f-92e93f93293e93591f-915947-91c939930-938947-93894d93593e93894d92594d92f-92a930-915939,खाद्य मिलावट के जहर से स्वास्थ्य पर कहर
91693e92694d92f-93894193091594d93793e-915947-93293f90f-92d93593f93794d92f-915940-92f94b91c92893e-915,खाद्य सुरक्षा के लिए भविष्य की योजना-क्लाईमेट स्मार्ट खेती
91693e92694d92f-93894193091594d93793e-92e93e928915-914930-91594b92194791594d938,खाद्य सुरक्षा मानक और कोडेक्स
खारे-जल-में-सीबास-मछली-का-पिंजरा-पालन,खारे जल में सीबास मछली का पिंजरा पालन
खीरा,खीरा
खीरीलाैकी-एवं-भिंडी-के-विषाणु-राेग,"खीरी,लाैकी एवं भिंडी के विषाणु राेग"
91694192693093e-93694d93094390291693293e-91c94193e935-93093f91f947932-91a947928-93293f90291594791c,खुदरा श्रृंखला जुड़ाव (रिटेल चेन लिंकेज)
खुम्ब-की-खेती,खुम्ब की खेती
खुरपका-मुँहपका-रोग_एफ_एम_डी__नियंत्रण-null-1,खुरपका मुँहपका रोग(एफ.एम.डी.)नियंत्रण
91694791c92193c940-92e947902-91593293f91593e92f928-90f935902-90992494d92a93e926928-92a94d93092c90292,खेजड़ी में कलिकायन एवं उत्पादन प्रबंधन
खेत-तालाब-से-आई-जीवन-में-हरियाली,खेत तालाब से आई जीवन में हरियाली
916947924940-915930-90592a928947-92c94791f947-91594b-90790291c94092893f92f930-92c92893e-93593f926947,"खेती कर, अपने बेटे को इंजीनियर बना विदेश पहुंचाया"
खेती-की-तस्वीर-बदल-रहे-युवा-इंजीनियर-किसान,खेती की तस्वीर बदल रहे युवा इंजीनियर किसान
916947924940-915947-93892b932-92a94d93092f94b917-932939938941928-915947-93893e925-91592694d926942-91,खेती के सफल प्रयोग - लहसुन के साथ कद्दू की खेती
खेती-में-अरूण-ग्रामीणों-के-बने-प्रेरणास्रोत,खेती में अरूण ग्रामीणों के बने प्रेरणास्रोत
खेती-में-मशीनीकरण-को-बढ़ावा-देने-की-भारत-सरकार-की-पहल,खेती में मशीनीकरण को बढ़ावा देने की भारत सरकार की पहल
खेती-में-मशीनीकरण-को-बढ़ावा,खेती में मशीनीकरण को बढ़ावा
91593e932940-92e93f93094d91a-916947924940-92f94b91794d92f-91c93293593e92f941-90f935902-92e93f91f94d9,खेती योग्य जलवायु एवं मिट्टी
खेती-से-सालाना-लाखों-रुपये-की-आमदनी,खेती से सालाना लाखों रुपये की आमदनी
93993294d926940-916947924940-939947924942-91c93293593e92f941-914930-92e93f91f94d91f940,खेती हेतु जलवायु और मिट्टी
916940-92b938932-92e947902-93094b917-935-91a94293994b902-915940-93094b91592593e92e,खड़ी फसल में रोग व चूहों की रोकथाम
गन्ना,गन्ना
गन्ना-उत्पादक-किसान-बन-सकते-हैं-गुड़उद्यमी,गन्ना उत्पादक किसान बन सकते हैं गुड़उद्यमी
गन्ना-उपज-में-सुधार,गन्ना उपज में सुधार
गन्ना-के-साथ-पपीता-से-भरपूर-कमाई,गन्ना के साथ पपीता से भरपूर कमाई
91792894d92893e-91693e92394d92193893e930940-935-91a940928940-92894092493f,गन्ना खाण्डसारी व चीनी नीति
91792894d92893e-916947924940-915940-93293e917924-91594b-91592e-915930928947-93593e932947-90992a91593,गन्ना खेती की लागत को कम करने वाले उपकरण
गन्ना-प्रश्नोत्तरी,गन्ना प्रश्नोत्तरी
गन्ना-बुआई-की-रिंग-पिट-पद्धति,गन्ना बुआई की रिंग पिट पद्धति
गन्ना-बोने-की-नई-तकनीक-_केन-नोड-प्रौद्योगिकी_,गन्ना बोने की नई तकनीक 'केन-नोड प्रौद्योगिकी'
गन्ना-रोगों-की-पहचान-एवं-निदान,गन्ना रोगों की पहचान एवं निदान
गन्ने-का-घासीय-प्ररोह-रोग-_ग्रासी-शूट_,गन्ने का घासीय प्ररोह रोग (ग्रासी शूट)
गन्ने-का-दुश्मन-है-तना-छिद्रक,गन्ने का दुश्मन है तना छिद्रक
92a93e928-915940-916947924940,गन्ने की खेती
गन्ने-की-खेती-का-इतिहास,गन्ने की खेती का इतिहास
गन्ने-की-खेती-में-उपयोगी-तकनीक-और-उपकरण,गन्ने की खेती में उपयोगी तकनीक और उपकरण
गन्ने-की-खेती-में-कब-क्या-करें,गन्ने की खेती में कब क्या करें
91792894d928947-915940-916947924940-92e947902-92e93e93993593e930-91593e93094d92f,गन्ने की खेती में माहवार कार्य
गन्ने-की-खेती-में-सूक्ष्म-पोषक-तत्वों-का-रखें-ख्याल,गन्ने की खेती में सूक्ष्म पोषक तत्वों का रखें ख्याल
91792894d928947-915947-916947924940-938947-93892e94d92c90292793f924-92e94191694d92f-92a94d930936928,गन्ने की खेती से सम्बंधित मुख्य प्रश्न
गन्ने-की-खेती-सफलता-की-विविध-गाथाएं,गन्ने की खेती-सफलता की विविध गाथाएं
गन्ने-की-खोई-से-पाेषण-से-भरपूर-बिस्कुट,गन्ने की खोई से पाेषण से भरपूर बिस्कुट
गन्ने-की-देखभाल,गन्ने की देखभाल
गन्ने-की-नई-उन्नत-किस्में,गन्ने की नई उन्नत किस्में
गन्ने-की-नई-किस्माें-का-विकास,गन्ने की नई किस्माें का विकास
गन्ने-की-पेड़ी-में-पलवार-बिछाकर-जल-बचत,गन्ने की पेड़ी में पलवार बिछाकर जल बचत
गन्ने-की-फसल,गन्ने की फसल
91792894d928947-915940-92b938932-92c928940-93593092693e928,गन्ने की फसल बनी वरदान
गन्ने-की-फसल-में-देखभाल,गन्ने की फसल में देखभाल
गन्ने-के-अवशेषों-का-प्रबंधन,गन्ने के अवशेषों का प्रबंधन
91792894d928947-915947-91594091f-90f935902-90992a91a93e930,गन्ने के कीट एवं उपचार
91792894d928947-915947-92a94d93092e941916-91693092a92493593e930-90f935902-909928915940-93094b9159259,गन्ने के प्रमुख खरपतवार एवं उनकी रोकथाम
गन्ने-के-लाल-सड़न-रोग-का-नियंत्रण,गन्ने के लाल सड़न रोग का नियंत्रण
गन्ने-के-साथ-पपीते-की-खेती-दिलाएगी-बम्पर-मुनाफा,गन्ने के साथ पपीते की खेती दिलाएगी बम्पर मुनाफा
गन्ने-के-साथ-फसल-विविधीकरण-की-मिसाल,गन्ने के साथ फसल विविधीकरण की मिसाल
गन्ने-में-अंतर-फसलीकरण-एवं-अवशेषों-का-पलवार-का-उपयाेग,गन्ने में अंतर फसलीकरण एवं अवशेषों का पलवार का उपयाेग
गन्ने-में-जैव-उर्वरक,गन्ने में जैव उर्वरक
91792894d928947-938947-90592793f915-92e94192893e92b947-915947-93293f90f-92c93994190992694d9269479369,गन्ने से अधिक मुनाफे के लिए बहुउद्देशीय मशीन
गर्म-मौसम-में-डेयरी-पशु-प्रबंधन,गर्म मौसम में डेयरी पशु प्रबंधन
91793094d92e93f92f94b902-915947-92e94c93892e-92e947902-92a936941913902-91593e-93894d93593e93894d9259,गर्मियों के मौसम में पशुओं का स्वास्थ्य
गर्मियों-में-पशुओं-पर-शीतलन-प्रणाली-का-प्रभाव,गर्मियों में पशुओं पर शीतलन प्रणाली का प्रभाव
गर्मी-की-जुताई-मृदा-परीक्षण-एवं-भूमि-का-समतलीकरण,"गर्मी की जुताई, मृदा परीक्षण एवं भूमि का समतलीकरण"
गर्मी-के-मौसम-में-हरा-चारा,गर्मी के मौसम में हरा चारा
गहरे-समुद्र-में-मछली-मारने-और-टुना-का-प्रसंस्करण-करने-हेतु-दिशा-निर्देश,गहरे समुद्र में मछली मारने और टुना का प्रसंस्करण करने हेतु दिशा-निर्देश
91793e90293594b902-915940-924915926940930-92c926932928947-92e947902-932917947-939948902-92f94193593e,गांवों की तकदीर बदलने में लगे हैं युवा
91793e91c930,गाजर
गाजर-की-खेती-से-आयी-खुशहाली-खर्च-सौ-आमदनी-हजार,"गाजर की खेती से आयी खुशहाली, खर्च सौ आमदनी हजार"
91793e91c930-91893e938-938947-91590292a94b93894d91f-92c92893e90f902,गाजर घास से कंपोस्ट बनाएं
91793e91c930-201892a94293893e-93094192793f9302019-938947-90592793f915-93293e92d-914930-90992694d92f9,गाजर-अधिक लाभ और उद्यम की शुरूआत
91793e91c930-91893e938-91593e-91c94893593f91594092f-93593f92793f-92694d93593e93093e-92893f92f9029249,गाजरघास का एकीकृत नियंत्रण
गाजरघास-का-जैविकीय-विधि-द्वारा-नियंत्रण,गाजरघास का जैविकीय विधि द्वारा नियंत्रण
91793e91c93091893e938-91593e-93892694192a92f94b917-91793e91c93091893e938-91592e94d92a94b93894d91f,गाजरघास का सदुपयोग: गाजरघास कम्पोस्ट
गाजरघास-का-समन्वित-प्रबन्धन,गाजरघास का समन्वित प्रबन्धन
गाजरघास-से-कम्पोस्ट-बनाने-की-विधि,गाजरघास से कम्पोस्ट बनाने की विधि
गाजरघास-_-एक-परिचय,गाजरघास – एक परिचय
91793e92f-90f935902-92d948902938-92e947902-91793094d92e-93994b928947-915947-93291594d937923-914930-9,गाय एवं भैंस में गर्म होने के लक्षण और गर्भाधान का समय
91793f93093f921940939-91c93f932947-915940-92e93f91f94d91f940-91593e-93894d93593e93894d92594d92f,गिरिडीह जिले की मिट्टी का स्वास्थ्य
गिलाेय-का-उपयाेग,गिलाेय का उपयाेग
गिलोय-है-बहुपयोगी-औषधीय-पादप,गिलोय है बहुपयोगी औषधीय पादप
गीर-गाय,गीर गाय
गुग्गल-की-खेती,गुग्गल की खेती
गुणवत्तायुक्त-लीची-का-जैविक-उत्पादन,गुणवत्तायुक्त लीची का जैविक उत्पादन
91794192894d926932940,गुन्दली
91794192e93293e-91c93f932947-915940-92e93f91f94d91f940-91593e-93894d93593e93894d92594d92f,गुमला जिले की मिट्टी का स्वास्थ्य
91794193292693e909926940,गुलदाउदी
91794193292693e90a926940-915940-93594d92f93e93593893e92f93f915-916947924940,गुलदाऊदी की व्यावसायिक खेती
गुलाब,गुलाब
गुलाब-एवं-गेंदे-की-खेती,गुलाब एवं गेंदे की खेती
गुलाब-की-खुशबूयुक्त-जिरेनियम-की-उन्नत-खेती,गुलाब की खुशबूयुक्त जिरेनियम की उन्नत खेती
91794193293e92c-915940-916947924940,गुलाब की खेती
गुलाब-की-बहुउपयोगी-खेती,गुलाब की बहुउपयोगी खेती
91794193293e92c-915940-93594891c94d91e93e92893f915-916947924940,गुलाब की वैज्ञानिक खेती
गुलाब-से-तैयार-मूल्यवर्द्धक-उत्पाद,गुलाब से तैयार मूल्यवर्द्धक उत्पाद
गेंदा,गेंदा
91794790292693e-92b942932-91593e-92c94091c94b92494d92a93e926928,गेंदा फूल का बीजोत्पादन
91794790292693e-92b942932-915940-916947924940-915930-93093e92e92692f93e932-92d90292193e930940-928947,गेंदा फूल की खेती से बदली तकदीर
गेंदा-फूल-की-वैज्ञानिक-खेती,गेंदा फूल की वैज्ञानिक खेती
91794790292694b902-915947-92b94293294b902-938947-93893e93294b902-92d930-93293e92d-91592e93e90f902,गेंदों के फूलों से सालों भर लाभ कमाएं
गेंहू-की-सुरक्षा,गेंहू की सुरक्षा
गेंहू-में-कीट-प्रबंधन-और-उसके-रोग-प्रबंधन-null-1,गेंहू में कीट प्रबंधन और उसके रोग प्रबंधन
गेंहू-में-कीट-प्रबंधन-के-उपाय-null-1,गेंहू में कीट प्रबंधन के उपाय
917947902939942901-915940-93892e92f-938947-92c941906908,गेंहूँ की समय से बुआई
917947939942901,गेहूँ
917947939942901-90992894d928924-91593f93894d92e,गेहूँ : उन्नत किस्म
917947939942901-90f935902-91594193894192e,गेहूँ एवं कुसुम के बीज का उपचार
गेहूँ-की-खेती,गेहूँ की खेती
917947939942901-92e947902-92e902921942938940-90f935902-90592894d92f-91693092a92493593e93094b902-9159,गेहूँ में मंडूसी एवं अन्य खरपतवारों का नियंत्रण
गेहूं,गेहूं
917947939942902-90992494d92a93e926928-92e947902-92e92794d92f-92a94d930926947936-928947-92c92893e908-,गेहूं उत्पादन में मध्यप्रदेश ने बनाई नई पहचान
गेहूं-एवं-जाै,गेहूं एवं जाै
गेहूं-एवं-जौ-की-फसल-में-कटाई-उपरांत-प्रबंधन-अनाज-की-सफाई-एवं-सावधानियां,गेहूं एवं जौ की फसल में कटाई उपरांत प्रबंधन अनाज की सफाई एवं सावधानियां
गेहूं-और-जौ,गेहूं और जौ
गेहूं-की-उन्नत-प्रजातियां,गेहूं की उन्नत प्रजातियां
गेहूं-की-जैविक-खेती-से-संबंधित-कृषि-क्रियाएं-null-1,गेहूं की जैविक खेती से संबंधित कृषि क्रियाएं
गेहूं-की-फसल-में-लगने-वाले-रोग,गेहूं की फसल में लगने वाले रोग
917947939942902-915947-92c94d93293e93894d91f-93094b917-915940-93094b91592593e92e,गेहूं के ब्लास्ट रोग की रोकथाम
गेहूं-के-रोगों-की-पहचान-एवं-नियंत्रण,गेहूं के रोगों की पहचान एवं नियंत्रण
गेहूं-ग्रास-है-आयुर्वेदिक-औषधि-के-साथ-उत्तम-आहार,गेहूं ग्रास है आयुर्वेदिक औषधि के साथ उत्तम आहार
गेहूं-में-खरपतवार-नियंत्रण,गेहूं में खरपतवार नियंत्रण
गेहूं-जौ-और-अनाजी-फसल,"गेहूं, जौ और अनाजी फसल"
91794893293e93094d92193f92f93e,गैलार्डिया
91794b92194d92193e-91c93f932947-915940-92e93f91f94d91f940-91593e-93894d93593e93894d92594d92f,गोड्डा जिले की मिट्टी का स्वास्थ्य
91794b92c930-915940-91693e926-91593e-92e93992494d935,गोबर की खाद का महत्व
गोभी,गोभी
91794b92d940-915940-916947924940-938947-92a94d93093e92a94d924-915940-93892b93292493e,गोभी की खेती से प्राप्त की सफलता
गोभी-वर्गीय-सब्जियाँ-null-1,गोभी वर्गीय सब्जियाँ
91794b92d940-93593094d91794092f-93892c94d91c93f92f94b902-915940-91c94893593f915-916947924940-938947-,गोभी वर्गीय सब्जियों की जैविक खेती से संबंधित कृषि क्रियाएं
गोभीवर्गीय-सब्जियों-में-कीट-व-रोग-प्रबंधन,गोभीवर्गीय सब्जियों में कीट व रोग प्रबंधन
गोल्ड-फिश-पालने-के-लिए-कुछ-महत्वपूर्ण-निर्देश,गोल्ड फिश पालने के लिए कुछ महत्वपूर्ण निर्देश
91794d93093e92e940923-92d90292193e930-92f94b91c92893e,ग्रामीण भंडार योजना
rural-employment,ग्रामीण रोजगार
91794d93093e92e940923-93892e94192693e92f-915947-90691c94093593f91593e-93894193091594d93793e-92e94790,ग्रामीण समुदाय के आजीविका सुरक्षा में गैर इमारती वनोत्पाद का महत्व
907938-92d93e917-92e947902-91794d930940928-91794b93294d921-92c93994190992a92f94b917940-90591c94b9329,ग्रीन गोल्ड है अजोला
91794d930940928-93993e909938-92a93e932940-93993e909938-92e947902-92b94293294b902-915940-916947924940,ग्रीन हाउस / पाली हाउस में फूलों की खेती
ग्रीष्म-कालीन-उरद-की-खेती-null-1,ग्रीष्म कालीन उरद की खेती
ग्रीष्मकालीन-गहरी-जुताईः-काम-एक-लाभ-अनेक,ग्रीष्मकालीन गहरी जुताईः काम एक-लाभ अनेक
ग्रीष्मकालीन-मक्का,ग्रीष्मकालीन मक्का
ग्रीष्मकालीन-मक्का-बेबीकार्न-एवं-बाजरा,"ग्रीष्मकालीन मक्का, बेबीकार्न एवं बाजरा"
ग्रीष्मकालीन-मूंग-एवं-उड़द,ग्रीष्मकालीन मूंग एवं उड़द
ग्रीष्मकालीन-मूंग-की-आधुनिक-सस्य-क्रियाएं,ग्रीष्मकालीन मूंग की आधुनिक सस्य क्रियाएं
ग्रीष्मकालीन-मूंग-उड़द-और-लोबिया-की-फसल-की-देखभाल,"ग्रीष्मकालीन मूंग, उड़द और लोबिया की फसल की देखभाल"
ग्रीष्मकालीन-मूंगफली,ग्रीष्मकालीन मूंगफली
ग्रीष्मकालीन-सूरजमुखी-और-मूंगफली,ग्रीष्मकालीन सूरजमुखी और मूंगफली
91794d93294291f928-93093993f924-91693e92694d92f-92a92693e93094d92594b902-92e947902-92e93f93294791f94,ग्लूटन-रहित खाद्य पदार्थों में मिलेट्स की उपयोगिता
91794d93294792193f92f94b932938,ग्लेडियोलस
ग्लेडियोलस-की-खेती,ग्लेडियोलस की खेती
ग्लैंडर्स-का-उन्मूलन-करने-के-लिए-संशोधित-राष्ट्रीय-कार्य-योजना,ग्लैंडर्स का उन्मूलन करने के लिए संशोधित राष्ट्रीय कार्य योजना
91794d93294892193f92f94b932938-915940-93594891c94d91e93e92893f915-916947924940,ग्लैडियोलस की वैज्ञानिक खेती
ग्लैडियोलस-फूल-की-वैज्ञानिक-खेती,ग्लैडियोलस फूल की वैज्ञानिक खेती
91794d93593e930-915940-90992894d928924936940932-916947924940,ग्वार की उन्नतशील खेती
91794d93593e930-915940-92b938932-92e94392693e-92e93e928935-93894d93593e93894d92594d92f-90f935902-909,"ग्वार की फसल:मृदा,मानव स्वास्थ्य एवं उपयोग"
ग्वारफली_-बोदी-_बोड़ा_-एवं-सेम,"ग्वारफली, बोदी (बोड़ा) एवं सेम"
91793593e-91c93f932947-915940-92e93f91f94d91f940-91593e-93894d93593e93894d92594d92f,गढ़वा जिले की मिट्टी का स्वास्थ्य
घर-पर-मुर्गी-पालन-से-अधिक-लाभ,घर पर मुर्गी पालन से अधिक लाभ
घरेलू-विपणन-हेतु-दिशा-निर्देश,घरेलू विपणन हेतु दिशा-निर्देश
घासीय-शाखा-रोग,घासीय शाखा रोग
918940-92e947902-93592893894d92a924940-92494793294b902-915940-92e93f93293e93591f-91c93e90291a-915930,घी में वनस्पती तेलों की मिलावट जांच करने के तरीके
91894192e902924942-92a93694192a93e932915-90f935902-92e93993f93293e90f902-92a94d93093693f91594d937923,घुमंतू पशुपालक एवं महिलाएं प्रशिक्षण से हुए लाभान्वित
91894392491594192e93e930940-90f93294b93594793093e-915940-916947924940,घृतकुमारी (एलोवेरा) की खेती
घृतकुमारी-एलोवेरा-की-वैज्ञानिक-खेती,घृतकुमारी/ एलोवेरा की वैज्ञानिक खेती
91a92493093e-91c93f932947-915940-92e93f91f94d91f940-91593e-93894d93593e93894d92594d92f,चतरा जिले की मिट्टी का स्वास्थ्य
चना,चना
चना-_जेठी_-सांवा,चना (जेठी) सांवा
91a92893e-92b938932-915947-93094b917-90f935902-91594091f94b902-915940-91c93e92891593e930940,चना फसल के रोग एवं कीटों की जानकारी
90992494d924930-92d93e930924-92e947902-91a92893e-92e947902-93894d92490292d-917932928-93894d91594d932,चना में स्तंभ गलन (स्क्लेरोटिनिया) रोग एवं प्रबंधन
चना-मटर-और-मसूर,"चना, मटर और मसूर"
चना_-मटर-और-मसूर,"चना, मटर और मसूर"
91a92893e-905932938940-914930-93894293091c92e941916940,"चना,अलसी और सूरजमुखी"
चनामसूर-एवं-मटर,"चना,मसूर एवं मटर"
चने-का-उकठा-रोग,चने का उकठा रोग
चने-की-उन्नत-किस्म-सीएसजे-51,चने की उन्नत किस्म सीएसजे-51
91a928947-915940-90992894d928924-916947924940,चने की उन्नत खेती
चने-की-उन्नतशील-खेती,चने की उन्नतशील खेती
चने-की-खेती-में-तनाव-प्रबंधन,चने की खेती में तनाव प्रबंधन
91a928947-915940-92f93e90292494d93093f915-91591f93e908-939947924941-90992a92f94191594d924-92a94d9309,चने की यांत्रिक कटाई हेतु उपयुक्त प्रजातियां
91a928947-92e947902-90690892a94090f92e-92a94d93092393e932940-91593e-92c947-92a94892e93e928947-92a930,चने में आईपीएम प्रणाली का बड़े पैमाने पर क्रियान्वयन- अनंतपुर के सफलता की कहानी
91a93e90792893e-90f93894d91f930,चाइना एस्टर
चारा-चुकंदर-_बीट__-शुष्क-क्षेत्रों-में-लोकप्रियता-प्राप्त-एक-उच्च-उपज-वाली-हरे-चारे-की-फसल,चारा चुकंदर (बीट): शुष्क क्षेत्रों में लोकप्रियता प्राप्त एक उच्च उपज वाली हरे चारे की फसल
चारा-फसल_,चारा फसल
चारा-फसलें,चारा फसलें
चारा-फसलों-की-देखभाल,चारा फसलों की देखभाल
91a93e93093e-93593e932940-92b93893294b902-92e947902-92a93e92f947-91c93e928947-93593e932947-917941923,चारा वाली फसलों में पाये जाने वाले गुणवत्तारोधी घटक
91a93e93093e-93593f91593e938-91593e93094d92f91594d93092e,चारा विकास कार्यक्रम
चारे-की-फसल-और-मई-माह-में-भूमि-की-देखभाल,चारे की फसल और मई माह में भूमि की देखभाल
चारे-वाली-फसलें-_जई-और-बरसीम_-एवं-मेंथा,चारे वाली फसलें (जई और बरसीम) एवं मेंथा
चारे-वाली-फसलों-_बाजरा-व-ज्वार_-की-देखभाल,चारे वाली फसलों (बाजरा व ज्वार) की देखभाल
चावल-उत्पादन-तकनीक-झारखंड-के-संदर्भ-में,चावल उत्पादन तकनीक-झारखंड के संदर्भ में
चावल-की-मशीन-प्रत्यारोपण-_एमटीआर_-के-माध्यम-से-चावल-उपज-अंतराल-को-पाटना,चावल की मशीन प्रत्यारोपण (एमटीआर) के माध्यम से चावल उपज अंतराल को पाटना
चावल-के-बारे-में,चावल के बारे में
91a940928940-914930-91792894d92893e-92894092493f,चीनी और गन्ना नीति
चुकंदर-null-1,चुकंदर
चूर्णिल-आसिता,चूर्णिल आसिता
चूसने-वाले-आम-की-प्रमाणित-किस्में,चूसने वाले आम की प्रमाणित किस्में
चूहा-नियंत्रण,चूहा नियंत्रण
चॉकलेट-उद्यम-से-आत्मनिर्भर-बनें-किसान,चॉकलेट उद्यम से आत्मनिर्भर बनें किसान
च्यूरा-वनस्पति-घी-का-स्रोत,च्यूरा वनस्पति घी का स्रोत
छत-पर-बनाएं-जैविक-किचन-गार्डन,छत पर बनाएं जैविक किचन गार्डन
91b924930940-92f94b91c92893e-92f93e928940-93993093f924-91594d93093e90292493f-91594393794b92894d200d9,छतरी योजना यानी हरित क्रांति - कृषोन्नति योजना 2019-20 में भी जारी रहेगी
91b92494d92493e-90992494d92a93e92694b902-915947-93293f90f-92a94d93094c92694d92f94b91793f91593f92f93e,छत्ता उत्पादों के लिए प्रौद्योगिकियां
91b92494d924940938917-915947-90692693f93593e938940-90590291a932-92e947902-938942915930-93593f91593e9,छत्तीसगढ़ के आदिवासी अंचल में सूकर विकास
छत्तीसगढ़-में-नाशपाती-का-सफल-उत्पादन,छत्तीसगढ़ में नाशपाती का सफल उत्पादन
91b92494d924940938917-92e947902-92a93694192a93e932928-93892e94d92c90292793f924-93892b93292493e-91594,छत्तीसगढ़ में पशुपालन सम्बंधित सफलता की कहानियाँ
91b92494d924940938917-93093e91c94d92f-92e947902-92e94193094d917940-92a93e932928,छत्तीसगढ़ राज्य में मुर्गी पालन
91b93e92f93e-918930-936947921-93993e909938,छाया घर(शेड हाउस)
छिड़काव-सिंचाई-प्रणाली,छिड़काव सिंचाई प्रणाली
91b94b91f947-93593f91594d93094792493e913902-92694d93593e93093e-91594191594d91594191f-92a94d930938902,छोटे विक्रेताओं द्वारा कुक्कुट प्रसंस्करण की एक स्वीकार्य पद्धति
91b94b91f947-91b94b91f947-921947930940-93890293893e92792894b902-938947-92a94d93093693f91594d937923-9,छोटे-छोटे डेरी संसाधनों से प्रशिक्षण उपरान्त बनाया डेरी उद्योग
जंगली-खुबानी-null-1,जंगली खुबानी
जंगली-प्याज_तुलसी-रामा-श्यामा_कपूर-तुलसी_करौंदा_बड़ी-लूणा-_दुग्धी_-और-अन्य,"जंगली प्याज,तुलसी-रामा-श्यामा,कपूर तुलसी,करौंदा,बड़ी लूणा (दुग्धी) और अन्य"
जई,जई
जई-की-उत्पादन-तकनीक,जई की उत्पादन तकनीक
जनजातीय-किसानों-की-आजीविका-सुरक्षा-सुनिश्चित-करने-के-लिए-वैज्ञानिक-पपीते-की-खेती,जनजातीय किसानों की आजीविका सुरक्षा सुनिश्चित करने के लिए वैज्ञानिक पपीते की खेती
91c928935930940-915947-92e94191694d92f-91594393793f-91593e93094d92f,जनवरी के मुख्य कृषि कार्य
जनवरी-महीने-के-कृषि-कार्याें-की-महत्वता,जनवरी महीने के कृषि कार्याें की महत्वता
जनवरी-माह-का-महत्व,जनवरी माह का महत्व
91c928935930940-92e93e939-915947-91594393793f-91593e93094d92f,जनवरी माह के कृषि कार्य
92a93694192a93e932915-91c928935930940-92e93e939-938947-91c942928-92e93e939-92e947902-92a936941913902,जनवरी से जून माह में पशुओं की देखभाल
जनवरी-फरवरी-के-बागों-के-कार्य,जनवरी-फरवरी के बागों के कार्य
92e94191694d92f92e90292494d930940-92b938932-91593094d91c-92e93e92b940-92f94b91c92893e,जय किसान फसल कर्ज माफी योजना
जयंती-रोहू-मछली-है-मीठाजल-के-लिए-वरदान,जयंती रोहू मछली है मीठाजल के लिए वरदान
जरदालू-आम-_-बिहार-राज्य-का-गौरव,जरदालू आम – बिहार राज्य का गौरव
जरबेरा-null-1,जरबेरा
जरबेरा-में-पोषक-तत्वों-की-कमी-एवं-लक्षण,जरबेरा में पोषक तत्वों की कमी एवं लक्षण
91c93092e94793093e-914930-93693f92e93293e-92e93f93094d91a-928947-92c926932940-91593f93894d92e924,जरमेरा और शिमला मिर्च ने बदली किस्मत
जल-संग्रहण-तालाबों-से-समेकित-कृषि-प्रणाली,जल संग्रहण तालाबों से समेकित कृषि प्रणाली
91c932-93890293893e927928-92a94d93092c902927928-938947-91794d93093e92e940923-91593e92f93e91593294d92,जल संसाधन प्रबंधन से ग्रामीण कायाकल्प
91c93291594190292d940-91593e-91c94893591594092f-92893f92f90292494d930923,जलकुंभी का जैवकीय नियंत्रण
जलकृषि-से-महिला-सशक्तिकरण,जलकृषि से महिला सशक्तिकरण
जलाशय-में-पेन-एवं-केज-कल्चर,जलाशय में पेन एवं केज कल्चर
91c93293e93692f94b902-92e947902-92e93e92494d93894d92f93f915940-915947-93593f91593e938-915947-93293f9,जलाशयों में मात्स्यिकी के विकास के लिये दिशा-निर्देश (आर.एफ.डी.)
जलीय-कृषि-बीमा-एकमुश्त-प्रोत्साहन,जलीय कृषि बीमा एकमुश्त प्रोत्साहन
ज़ोरिन-बीन-को-अपनाना-मिज़ो-किसानों-की-आर्थिक-समृद्धि-की-दिशा-में-एक-कदम,ज़ोरिन बीन को अपनाना - मिज़ो किसानों की आर्थिक समृद्धि की दिशा में एक कदम
जापानी-पुदीना_मेन्था_-की-खेती-null-1,जापानी पुदीना(मेन्था) की खेती
जापानी-मशरूम-शिटाके-की-खेती,जापानी मशरूम शिटाके की खेती
91c93e92e92493e93e-91c93f932947-915940-92e93f91f94d91f940-91593e-93894d93593e93894d92594d92f,जामताड़ा जिले की मिट्टी का स्वास्थ्य
जामरोजा-से-जिरेनिओल_-उत्तर-गुजरात-की-सफलता-की-कहानी,जामरोजा से जिरेनिओल: उत्तर गुजरात की सफलता की कहानी
जायद-में-गन्ने-की-खेती,जायद में गन्ने की खेती
जायद-में-बाजरा-की-खेती,जायद में बाजरा की खेती
91c93e92f92b932,जायफल
जायफल-के-छिलके-से-बनेगी-टॉफी,जायफल के छिलके से बनेगी टॉफी
91c93e93593e-93893f91f94d93094b92894793293e-939948-91592e93e908-91593e-91c93093f92f93e,जावा सिट्रोनेला है कमाई का जरिया
91c940930947-915940-92b938932,जीरे की फसल
जीरो-टिल-से-बुवाई,जीरो टिल से बुवाई
जीरो-टिलेज-गेंहू-_-प्रशिक्षकों-के-लिए-प्रशिक्षण-पुस्तिका-2018-null-1,जीरो टिलेज गेंहू – प्रशिक्षकों के लिए प्रशिक्षण पुस्तिका 2018
91c94093094b-91f93f93294791c-917947902939942-2013-92a94d93093693f91594d93791594b902-938947-90591594d,जीरो टिलेज गेंहू – प्रशिक्षकों से अक्सर पूछे जाने वाले प्रश्न
जीरो-टिलेज-तकनीक-से-गेहूं-एवं-मूंग-की-खेती,जीरो टिलेज तकनीक से गेहूं एवं मूंग की खेती
91c94093094b-91f93f93294791c-92a92694d92792493f-90592a92893e908-90592793f915-93293e92d-91592e93e92f9,"जीरो टिलेज पद्धति अपनाई, अधिक लाभ कमाया"
91c94093094b-92c91c91f-92a94d93093e91594392493f915-916947924940,जीरो बजट प्राकृतिक खेती
जीवाणु-एवं-जैविक-खाद,जीवाणु एवं जैविक खाद
91c94093593e923941-90f935902-91c94893593f915-91693e926,जीवाणु एवं जैविक खाद
91c94093593e923941-91693e926-938947-93893094d93594b92494d92492e-90992494d92a93e926,जीवाणु खाद से सर्वोत्तम उत्पाद
जीवाणु-जनित-रोग,जीवाणु जनित रोग
जीवित-मत्स्य-वाहक-प्रणाली-_एलएफसीएस_,जीवित मत्स्य वाहक प्रणाली (एलएफसीएस)
91c94191793e932940-915930928947-93593e932947-92a936941913902-915947-90693993e930-92e947902-92a947921,जुगाली करने वाले पशुओं के आहार में पेड़ की पत्तियों का उपयोग
जुलाई-माह-के-कृषि-कार्य,जुलाई माह के कृषि कार्य
जुलाई-माह-के-कृषि-कार्य-null-1,जुलाई माह के कृषि कार्य
जूट,जूट
जून-माह-के-कृषि-कार्य,जून माह के कृषि कार्य
91c942928-92e93e939-915947-91594393793f-91593e93094d92f,जून माह के कृषि कार्य
जेट्रोफा-का-पौधरोपण,जेट्रोफा का पौधरोपण
जेट्रोफा-की-उपयोगिता,जेट्रोफा की उपयोगिता
जेट्रोफा-की-एक-हेक्टेयर-क्षेत्रफल-में-खेती-हेतु-लागत,जेट्रोफा की एक हेक्टेयर क्षेत्रफल में खेती हेतु लागत
जेट्रोफा-की-खेती-एवं-विकास-हेतु-सरकार-द्वारा-दी-जाने-वाली-वित्तीय-सहायता,जेट्रोफा की खेती एवं विकास हेतु सरकार द्वारा दी जाने वाली वित्तीय सहायता
91c94791f94d93094b92b93e-915940-916947924940-915947-93293f90f-93892c94d93893f921940-939947924941-906,जेट्रोफा की खेती के लिए सब्सिडी हेतु आवेदन पत्र
जेट्रोफा-की-खेती-में-खाद-एवं-उर्वरक,जेट्रोफा की खेती में खाद एवं उर्वरक
91c94791f94d93094b92b93e-915940-93593f92d93f92894d928-92a94d93091c93e92493f92f93e902,जेट्रोफा की विभिन्न प्रजातियां
91c94791f94d93094b92b93e-92a94c92793094b92a923-939947924941-93593f93694d93593892894092f-92c94091c-93,जेट्रोफा पौधरोपण हेतु विश्वसनीय बीज स्रोत
91c94791f94d93094b92b93e-92b938932-915940-93894193091594d93793e,जेट्रोफा फसल की सुरक्षा
91c94791f94d93094b92b93e-92f93e-93092492891c94b924-91593e-92a93093f91a92f,जेट्रोफा या रतनजोत का परिचय
91c94791f94d93094b92b93e-938947-92c93e92f94b-92194091c932-92c92893e928947-915940-93593f92793f,जेट्रोफा से बायो डीजल बनाने की विधि
जैट्रोफा-की-खेती,जैट्रोफा की खेती
91c948924942928-915940-916947924940-915930928947-93593e932947-93093e91c94d92f94b902-92e947902-93093e,जैतून की खेती करने वाले राज्यों में राजस्थान अग्रणी
जैव-उर्वरकों-की-महत्ता,जैव उर्वरकों की महत्ता
91c948935-92893f92f90292494d93091594b902-935-91c948935-91891f91594b902-91593e-92c939941-90992494d92a,जैव नियंत्रकों व जैव घटकों का बहु उत्पादन
91c948935-93593f93593f92792493e-90692793e93093f924-91c94893593f915-91594393793f,जैव विविधता आधारित जैविक कृषि
91c948935-93593f93593f92792493e-92893f92f92e-2004,"जैव विविधता नियम, 2004"
91c948935-93890293593094d92793f924-91593f93894d92e94b902-915940-90691c-915947-93892e92f-92e947902-90,जैव संवर्धित किस्मों की आज के समय में आवश्यकता
91c948935-90993094d935930915,जैव-उर्वरक
91c94893593f915-90992494d92a93e926928-91593e-92e93992494d935-90f935902-93593f92a923928-93594d92f9359,जैविक उत्पादन का महत्व एवं विपणन व्यवस्था
91c94893593f915-90992494d92a94d930947930915,जैविक उत्प्रेरक
जैविक-एजेंट-एवं-जैविक-कीटनाशकों-के-प्रयोग-द्वारा-कृषि-रक्षा-प्रबन्धन,जैविक एजेंट एवं जैविक कीटनाशकों के प्रयोग द्वारा कृषि रक्षा प्रबन्धन
91c94893593f915-91594091f-92a94d93092c902927928-938947-92b938932-93894193091594d93793e,जैविक कीट प्रबंधन से फसल सुरक्षा
91c94893593f915-91594091f92893e936915-90f935902-93094b917-92893f92f90292494d930923,जैविक कीटनाशक एवं रोग नियंत्रण
जैविक-कीटनाशी,जैविक कीटनाशी
91c94893593f915-91594393793f-91593e93094d92f91594d93092e,जैविक कृषि कार्यक्रम
जैविक-कृषिः-प्रकृति-से-प्यार-आमदनी-अपार,"जैविक कृषिः प्रकृति से प्यार, आमदनी अपार"
जैविक-खाद,जैविक खाद
91c94893593f915-91693e926-90f935902-90992a92f94b91793f92493e,जैविक खाद एवं उपयोगिता
91c94893593f915-91693e926947902-93093893e92f92893f915-91693e92694b902-91593e-93893e93094d925915-9359,जैविक खादें: रसायनिक खादों का सार्थक विकल्प
91c94893593f915-916947924940,जैविक खेती
जैविक-खेती,जैविक खेती
91c94893593f915-916947924940-91693e92694d92f-93894193091594d93793e-915940-93894192893f93694d91a93f92,जैविक खेती : खाद्य सुरक्षा की सुनिश्चितता
91c94893593f915-916947924940-92a93090292a93093e917924-91594393793f-93593f91593e938-92f94b91c92893e-9,जैविक खेती : परंपरागत कृषि विकास योजना (पीकेवीवाई)
91c94893593f915-916947924940-92d94292e93f-91593f93893e928-90992a92d94b91594d92493e-915947-93993f924-,जैविक खेती : भूमि-किसान-उपभोक्ता के हित की नीतियों की जरूरत
91c94893593f915-916947924940-915947-93593f91593e938-915947-93293f90f-93594793894d91f-91591a92193c93e,जैविक खेती के वेस्ट (कचड़ा) डीकंपोजर
जैविक-खेती-क्यों-और-कैसे,जैविक खेती क्यों और कैसे
91c94893593f915-916947924940-92a94d93094b92494d93893e939928-92f94b91c92893e,जैविक खेती प्रोत्साहन योजना
91c94893593f915-916947924940-92e93f936928,जैविक खेती मिशन
91c94893593f915-916947924940-92e947902-92a94b937915-92492494d93594b902-915940-90992a93292c94d9279249,जैविक खेती में पोषक तत्वों की उपलब्धता
जैविक-झींगा-पालन_-एक-कृषक-का-अनुभव-null-1,जैविक झींगा पालन– एक कृषक का अनुभव
91c94893593f915-926942927-90992694d92f94b917-92d93593f93794d92f-91593e-93894192893993093e-93593f9159,जैविक दूध उद्योग : भविष्य का सुनहरा विकल्प
91c94893593f915-92a94d93092c92894d927928-90f915-93892e92894d93593f924-92e93e93094d917,जैविक प्रबन्धन एक समन्वित मार्ग
91c94893593f915-92a94d93092e93e923940915930923,जैविक प्रमाणीकरण
जैविक-प्रमाणीकरण,जैविक प्रमाणीकरण
91c94893593f915-93593f92793f-92694d93593e93093e-91594091f-92893f92f90292494d930923-93593f92793f,जैविक विधि द्वारा कीट नियंत्रण विधि
91c94c,जौ
जौ,जौ
जौ-और-गेहूं,जौ और गेहूं
91c94d93593e930,ज्वार
ज्वार-और-बाजरा-वाली-फसलों-की-बुआई-एवं-देखभाल,ज्वार और बाजरा वाली फसलों की बुआई एवं देखभाल
ज्वार-बाजरा-और-मक्का-की-देखभाल,"ज्वार, बाजरा और मक्का की देखभाल"
91c94d93593e930-91594b92694b-90f935902-938902915930-92793e928,"ज्वार,कोदो एवं संकर धान"
91c-91793e902920-93894292494d93091594392e940-92e94793294794b91793e907928-91794d93094792e93f92893f915,"जड़ गांठ सूत्रकृमी मेलेड़ोगाइन ग्रेमिनिकोला (गोल्डन एंड बिर्चफिल्ड, 1965): धान और गेहूं की फसल में जड़ गांठ रोग कारक"
91c940-92c94291f940-92a94c92794b902-915947-93094b917-90f935902-90992891593e-91c94893593f915-92893f92,जड़ी-बूटी पौधों के रोग एवं उनका जैविक निदान
91d93e930916902921-92e947902-90592e94d93294092f-92d94292e93f-915940-93892e93894d92f93e-90f935902-928,झारखंड में अम्लीय भूमि की समस्या एवं निदान
91d93e930916902921-92e947902-92b94293294b902-915940-916947924940-915940-93890292d93e93592893e90f902,झारखंड में फूलों की खेती की संभावनाएं
91d93e930916902921-93093e91c94d92f-915947-93293f90f-938902915930-92893894d932-915947-92c915930940-92,झारखंड राज्य के लिए संकर नस्ल का बकरी पालन व उपयोगिता
91d93e930916902921-93093e91c94d92f-92e947902-92e94392693e-93894d93593e93894d92594d92f-915940-93894d9,झारखंड राज्य में मृदा स्वास्थ्य की स्थिति
झारखण्ड-की-पारिस्थितिकी-एवं-पर्यावरण,झारखण्ड की पारिस्थितिकी एवं पर्यावरण
91d93e93091692394d921-915940-92e93f91f94d91f940-92e947902-92a94b937915-92492494d93594b902-915940-938,झारखण्ड की मिट्टी में पोषक तत्वों की समस्या और समाधान
91d93e93091692394d921-91594d93794792494d930-915947-93293f90f-917947939942901-90992494d92a93e926928-9,झारखण्ड क्षेत्र के लिए गेहूँ उत्पादन प्रौद्योगिकी
झारखण्ड-में-अमरुद-की-खेती-null-1,झारखण्ड में अमरुद की खेती
91d93e93091692394d921-92e947902-90692e-915940-916947924940,झारखण्ड में आम की खेती
91d93e93091692394d921-92e947902-90592e930941926-915940-916947924940-2,झारखण्ड में आम की वैज्ञानिक खेती
झारखण्ड-में-आर्किड-की-खेती,झारखण्ड में आर्किड की खेती
झारखण्ड-में-आलू-की-खेती,झारखण्ड में आलू की खेती
झारखण्ड-में-इमारती-लकड़ी-और-उपयोगी-वृक्ष,झारखण्ड में इमारती लकड़ी और उपयोगी वृक्ष
झारखण्ड-में-उद्यान-प्रबंधन-null-1,झारखण्ड में उद्यान प्रबंधन
91d93e93091692394d921-92e947902-90f938-906930-906908-93593f92793f-938947-92793e928-915940-9169479249,झारखण्ड में एस.आर.आई. विधि से धान की खेती
91d93e93091692394d921-92e947902-91593f93893e928-915949932-93894790291f930,झारखण्ड में किसान कॉल सेंटर
झारखण्ड-में-कृषि-वानिकी,झारखण्ड में कृषि वानिकी
झारखण्ड-में-केले-की-वैज्ञानिक-खेती,झारखण्ड में केले की वैज्ञानिक खेती
91d93e93091692394d921-92e947902-92494791c940-938947-92c928947-93593e932940-92a94794b902-915940-91593,झारखण्ड में तेजी से बढ़ने वाली पेड़ों की किस्में
झारखण्ड-में-पंगास-_पंगेशियस_-मछली-का-पालन,झारखण्ड में पंगास (पंगेशियस) मछली का पालन
झारखण्ड-में-पपीते-की-खेती-null-1,झारखण्ड में पपीते की खेती
झारखण्ड-में-पालक-की-खेती,झारखण्ड में पालक की खेती
91d93e93091692394d921-92e947902-92a94d93092e941916-93892c94d91c93f92f94b902-91593e-92c94091c-9099249,झारखण्ड में प्रमुख सब्जियों का बीज उत्पादन
झारखण्ड-में-प्रसार-एवं-सामाजिक-वानिकी,झारखण्ड में प्रसार एवं सामाजिक वानिकी
91d93e93091692394d921-92e947902-92c93e91793593e928940-92b93893294b902-915940-91c94893593f915-9159439,झारखण्ड में बागवानी फसलों की जैविक कृषि
91d93e93091692394d921-92e947902-92c94092894d938-915940-916947924940,झारखण्ड में बीन्स की खेती
91d93e93091692394d921-92e947902-92d90292193e93093f924-90592893e91c94b902-91593f-93894193091594d93793,झारखण्ड में भंडारित अनाजों कि सुरक्षा क्यों और कैसे?
झारखण्ड-में-मछली-पालन-की-समस्याएँ-और-संभावनाएँ,झारखण्ड में मछली पालन की समस्याएँ और संभावनाएँ
91d93e93091692394d921-92e947902-92e92794192e91594d916940-92a93e932928-915940-93890292d93e93592893e90,झारखण्ड में मधुमक्खी पालन की संभावनाएं
91d93e93091692394d921-92e947902-92e93992494d93592a94293094d923-93594391594d93794b902-915940-92491592,झारखण्ड में महत्वपूर्ण वृक्षों की तकनीकी जानकारी
झारखण्ड-में-मिलने-वाली-फल-के-पेड़-की-किस्में,झारखण्ड में मिलने वाली फल के पेड़ की किस्में
झारखण्ड-में-मूंगफली-की-खेती,झारखण्ड में मूंगफली की खेती
91d93e93091692394d921-92e947902-93093e93893e92f92893f915-91594091f92893e93691594b902-915947-92a93090,झारखण्ड में रासायनिक कीटनाशकों के परंपरागत जैविक विकल्प
91d93e93091692394d921-92e947902-90592e930941926-915940-916947924940-1,झारखण्ड में लीची की वैज्ञानिक खेती
91d93e93091692394d921-92e947902-935928-92a94d93092c92894d927928,झारखण्ड में वन प्रबन्धन
झारखण्ड-में-वन-वृद्धि,झारखण्ड में वन वृद्धि
झारखण्ड-में-वृक्षारोपण-कैसे-करें,झारखण्ड में वृक्षारोपण कैसे करें
91d93e93091692394d921-92e947902-93893091794191c93e-915940-916947924940,झारखण्ड में सरगुजा की खेती
झारखण्ड-में-स्थानीय-और-देसी-फलों-की-खेती,झारखण्ड में स्थानीय और देसी फलों की खेती
91d93e93091692394d921-93093e91c94d92f-92e947902-90592793f915-92a94892693e93593e930-915947-93293f90f-,झारखण्ड राज्य में अधिक पैदावार के लिए अम्लीय मृदा में चूना का प्रयोग एवं प्रबन्धन
झारखण्ड-राज्य-में-धान-की-उन्नत-खेती,झारखण्ड राज्य में धान की उन्नत खेती
91d93e93091692394d921-93093e91c94d92f-92e947902-92e93f91f94d91f940-915947-92a94b937915-92492494d935-,झारखण्ड राज्य में मिट्टी के पोषक तत्व एवं उसका प्रबंधन
झींगी,झींगी
झुलसा-या-काला-धब्बा-रोग_,झुलसा या काला धब्बा रोग
91f92a915-93893f90291a93e908-92694d93593e93093e-93093e93893e92f92893f915-91693e92694b902-91593e-92a9,टपक सिंचाई द्वारा रासायनिक खादों का प्रयोग
टपक-सिंचाई-विधि-से-आलू-उत्पादन,टपक सिंचाई विधि से आलू उत्पादन
टमाटर,टमाटर
91f92e93e91f930,टमाटर
टमाटर-एवं-शिमला-मिर्च-की-फसल,टमाटर एवं शिमला मिर्च की फसल
91f92e93e91f930-915940-90992894d928924-90992494d92a93e926928-924915928940915,टमाटर की उन्नत उत्पादन तकनीक
91f92e93e91f930-915940-91c94893593f915-916947924940-938947-93890292c90292793f924-91594393793f-91594d,टमाटर की जैविक खेती से संबंधित कृषि क्रियाएं
टमाटर-की-फसल,टमाटर की फसल
टमाटर-की-फसल-की-देखभाल,टमाटर की फसल की देखभाल
टमाटर-की-फसल-के-प्रमुख-कीट,टमाटर की फसल के प्रमुख कीट
91f92e93e91f930-915940-93594891c94d91e93e92893f915-916947924940,टमाटर की वैज्ञानिक खेती
टमाटर-में-तकनीकी-हस्तक्षेप-के-माध्यम-से-देहरादून-उत्तराखंड-के-जनजातीय-समुदाय-की-आजीविका-सुरक्षा-में-,"टमाटर में तकनीकी हस्तक्षेप के माध्यम से देहरादून, उत्तराखंड के जनजातीय समुदाय की आजीविका सुरक्षा में वृद्धि"
91f93094d915940-92a93e932928,टर्की पालन
9249389302019-938947-93094793692e940-93994b-93093993e-939948-91c940935928,टसर से रेशमी हो रहा है जीवन
91f93f91593e90a-916947924940-915940-90592894193690293893e90f901,टिकाऊ खेती की अनुशंसाएँ
टिकाऊ-खेती-में-नैनो-उर्वरक-की-भूमिका,टिकाऊ खेती में नैनो उर्वरक की भूमिका
टिकाऊ-गिनी-मुर्गे-उत्पादन-के-लिए-बेहतर-प्रौद्योगिकी-की-शुरुआत,टिकाऊ गिनी मुर्गे उत्पादन के लिए बेहतर प्रौद्योगिकी की शुरुआत
टेबेरी-एवं-जाेस्टाबेरी,टेबेरी एवं जाेस्टाबेरी
ट्राइकोडर्मा-द्वारा-बागवानी-फसलों-के-रोगों-की-रोकथाम,ट्राइकोडर्मा द्वारा बागवानी फसलों के रोगों की रोकथाम
ट्रैंच-एवं-रिंग-पिट-विधि-से-गन्ना-उत्पादन-एवं-गन्ना-बीज-उत्पादक-के-रूप-में-पहचान,ट्रैंच एवं रिंग पिट विधि से गन्ना उत्पादन एवं गन्ना बीज उत्पादक के रूप में पहचान
920902921-92e947902-92e91b93293f92f94b902-91594b-92c94092e93e93093f92f94b902-938947-915948938947-92c,ठंड में मछलियों को बीमारियों से कैसे बचाएँ
92193993293f92f93e,डहलिया
92193994793293f92f93e,डहेलिया
डिजिटल-कृषि-मिशन,डिजिटल कृषि मिशन
92194792f930940-90992694d92f94b91793f92493e-93593f91593e938-92f94b91c92893e-92893e92c93e93094d921,डेयरी उद्योगिता विकास योजना : नाबार्ड
92194792f930940-92a936941913902-92e947902-91c947930-930941915928947-915940-93892e93894d92f93e-90f935,डेयरी पशुओं में जेर रुकने की समस्या एवं प्रबन्धन
डेयरी-पशुओं-में-लेमनेस-_लंगड़ापन_-_-एक-गंभीर-स्वास्थ्य-समस्या,डेयरी पशुओं में लेमनेस (लंगड़ापन) : एक गंभीर स्वास्थ्य समस्या
डेरी-प्रसंस्करण-के-प्रशिक्षणों-ने-दिलाया-आर्थिक-लाभ,डेरी प्रसंस्करण के प्रशिक्षणों ने दिलाया आर्थिक लाभ
डेरी-फार्मिंग-से-रोजगार,डेरी फार्मिंग से रोजगार
डेरी-फार्मिंग-से-लाभ-से-लाभ,डेरी फार्मिंग से लाभ से लाभ
डेरी-व्यवसाय-से-पाया-लाभ-एवं-सम्मान,डेरी व्यवसाय से पाया लाभ एवं सम्मान
ड्रिप-मल्चिंग-और-मिर्च-ने-किया-मालामाल-null-1,ड्रिप मल्चिंग और मिर्च ने किया मालामाल
92194d93093f92a-93893f90291a93e908-92694d93593e93093e-93894d93594091f91594993094d928-90991793e90f901,ड्रिप सिंचाई द्वारा स्वीटकॉर्न उगाएँ
ड्रिप-सिंचाई-प्रणाली,ड्रिप सिंचाई प्रणाली
ड्रिप-सिंचाई-प्रणाली-से-गन्ना-उत्पादन,ड्रिप सिंचाई प्रणाली से गन्ना उत्पादन
ड्रैगन-फ्रूट-उत्पादन-विधि,ड्रैगन फ्रूट उत्पादन विधि
ड्रैगनफल-की-व्यवसायिक-खेती,ड्रैगनफल की व्यवसायिक खेती
92293e908-90f91592193c-915940-92893094d938930940-938947-92293e908-93293e916-915940-90692e926928940,ढाई एकड़ की नर्सरी से ढाई लाख की आमदनी
ढींगरी-मशरूम-की-खेती-एक-वैकल्पिक-व्यवसाय,ढींगरी मशरूम की खेती एक वैकल्पिक व्यवसाय
तकनीक-के-जरिये-समृद्धि-की-राह-null-1,तकनीक के जरिये समृद्धि की राह
तटीय-किसानों-की-आजीविका-में-सुधार-के-लिए-पशुधन-मत्स्य-बागवानी-आधारित-एकीकृत-कृषि-प्रणाली,तटीय किसानों की आजीविका में सुधार के लिए पशुधन-मत्स्य-बागवानी आधारित एकीकृत कृषि प्रणाली
तना-सड़न-रोग,तना सड़न रोग
तरबूज-की-उन्नत-खेती,तरबूज की उन्नत खेती
तरबूज-ने-भरी-जीवन-में-मिठास-null-1,तरबूज ने भरी जीवन में मिठास
924938930-93094793692e-91593e-90992494d92a93e926928,तसर रेशम का उत्पादन
ताज़े-पानी-में-झींगा-पालन-null-1,ताज़े पानी में झींगा पालन
92493e91c947-92a93e928940-915947-92e94b924940-91593e-90992494d92a93e926928,ताजे पानी के मोती का उत्पादन
ताजे-पानी-के-मोती-का-उत्पादन,ताजे पानी के मोती का उत्पादन
तापमान-बदलाव-से-गन्ना-खेती-का-बचाव,तापमान बदलाव से गन्ना खेती का बचाव
तालाब-में-उर्वरक-का-प्रयोग,तालाब में उर्वरक का प्रयोग
92493e93293e92c94b902-914930-91f94890291594b902-92e947902-938918928-91c932-91594393793f-939947924941,तालाबों और टैंकों में सघन जल-कृषि हेतु दिशा-निर्देश
92493e93293e92c94b902-915947-91c93291594d93794792494d93094b902-915940-92e93e92a940-915940-938930932-,तालाबों के जलक्षेत्रों की मापी की सरल विधि
ताेरिया,ताेरिया
तिल,तिल
तिल-का-फीलोडी-रोग-एवं-सुपारी-का-पीला-पत्ती-राेग,तिल का फीलोडी रोग एवं सुपारी का पीला पत्ती राेग
92493f932-915940-90992894d928924-90992494d92a93e926928-924915928940915,तिल की उन्नत उत्पादन तकनीक
तिल-की-पोषण-गुणवत्ता,तिल की पोषण गुणवत्ता
92493f932-91592a93e938-90f935902-93894293091c92e941916940,"तिल,कपास एवं सूरजमुखी"
तिल-स्वास्थ्य-भोजन-और-उद्योग-में-बढ़ती-उपयोगिता,"तिल: स्वास्थ्य, भोजन और उद्योग में बढ़ती उपयोगिता"
तिलहन-की-खेती,तिलहन की खेती
92493f932939928-915940-916947924940-92e92794d92f92a94d930926947936-915947-93890292693094d92d-92e9479,तिलहन की खेती-मध्यप्रदेश के संदर्भ में
92493f932939928-92e947902-91594d93794792494d93093593e930-92e93e92894d92f915943924-93892e94791593f924,तिलहन में क्षेत्रवार मान्यकृत समेकित नाशीजीव प्रबंधन प्रौद्योगिकियां
तिलहनी-फसलों-के-प्रमुख-खरपतवार-एवं-उनका-नियंत्रण,तिलहनी फसलों के प्रमुख खरपतवार एवं उनका नियंत्रण
924940938940-915940-90992894d928924-916947924940,तीसी की उन्नत खेती
तुड़ाई-में-रखने-वाली-सावधानियां,तुड़ाई में रखने वाली सावधानियां
तुलसी-null-1,तुलसी
तुलसी-की-खेती,तुलसी की खेती
तुलसी-की-वैज्ञानिक-खेती,तुलसी की वैज्ञानिक खेती
तेल-ताड़-उत्पादन-बढ़ाने-की-जरूरत,तेल-ताड़ उत्पादन बढ़ाने की जरूरत
तोरिया,तोरिया
तोरिया-_लाही_,तोरिया (लाही)
तोरिया-की-फसल-में-आवश्यक-सस्य-क्रियाएं,तोरिया की फसल में आवश्यक सस्य क्रियाएं
92494b930940-90f935902-93893093894b902-915940-90992894d928924-916947924940,तोरी एवं सरसों की उन्नत खेती
थ्रेशर-के-विभिन्न-प्रकार,थ्रेशर के विभिन्न प्रकार
92691594d937-916947924940-93894192893993093e-92d93593f93794d92f,दक्ष खेती: सुनहरा भविष्य
दलहन-उत्पादन-में-स्प्रिंकलर-_छिड़काव_-सिंचाई-प्रणाली,दलहन उत्पादन में स्प्रिंकलर (छिड़काव) सिंचाई प्रणाली
दलहनी-फसलें,दलहनी फसलें
926932939928940-92b93893294b902-92e947902-91693092a92493593e930-92a94d93092c92894d927928,दलहनी फसलों में खरपतवार प्रबन्धन
दलहनी-फसलों-में-रोग-एवं-कीट-प्रबंधन,दलहनी फसलों में रोग एवं कीट प्रबंधन
926932939928940-93892c94d91c940-92b93893294b902-915947-91594091f-92a94d93091594b92a-90f935902-92a94d,दलहनी सब्जी फसलों के कीट प्रकोप एवं प्रबंधन
92693293e908-92a93f93893e908-90992a915930923,दलाई/पिसाई उपकरण
92693e93291a940928940,दालचीनी
92693e93294b902-92e947902-91594d93794792494d93093593e930-92e93e92894d92f915943924-93892e94791593f924,दालों में क्षेत्रवार मान्यकृत समेकित नाशीजीव प्रबंधन प्रौद्योगिकियां
दिसंबर-माह-एवं-कृषि-कार्य,दिसंबर माह एवं कृषि कार्य
दिसंबर-माह-एवं-चना,दिसंबर माह एवं चना
दिसंबर-माह-एवं-पुष्प-व-सगंधीय-पौधों-का-प्रबंधन,दिसंबर माह एवं पुष्प व सगंधीय पौधों का प्रबंधन
दिसंबर-माह-एवं-मटर-एवं-मसूर,दिसंबर माह एवं मटर एवं मसूर
दिसंबर-माह-के-कृषि-कार्य,दिसंबर माह के कृषि कार्य
दिसम्बर-माह-के-कृषि-कार्य,दिसम्बर माह के कृषि कार्य
92694191794d927-90992494d92a93e926928-915947-93293f90f-91c930942930940-92c93e924947902,दुग्ध उत्पादन के लिए जरूरी बातें
92694191794d927-90992494d92a93e926928-93890292c92894d92793f924-92e93992494d93592a94293094d923-91c93e,दुग्ध उत्पादन संबन्धित महत्वपूर्ण जानकारी
dairy,दुग्ध उत्पादन(डेयरी)
92694191794d927-91c94d935930,दुग्ध-ज्वर
92694192793e930942-91793e92f-90f935902-92d948902938-915947-93293f90f-92693e928947-915940-92e93f93293,दुधारू गाय एवं भैंस के लिए दाने की मिलावट
92694192793e930942-92893894d932-915940-92c93e91b93f92f94b902-915940-92d94b91c928-92493e93293f91593e,दुधारू नस्ल की बाछियों की भोजन तालिका
92694192793e930942-92a936941913902-915940-92694791692d93e932-939947924941-92e93992494d93592a94293094,दुधारू पशुओं की देखभाल हेतु महत्वपूर्ण जानकारी
दुधारू-पशुओं-की-प्रजनन-समस्याओं-का-प्रबंधन,दुधारू पशुओं की प्रजनन समस्याओं का प्रबंधन
दुधारू-पशुओं-के-चयन-में-सावधानियां,दुधारू पशुओं के चयन में सावधानियां
92694192793e930942-92a936941913902-915947-93293f90f-91f94091593e915930923-93893e930923940,दुधारू पशुओं के लिए टीकाकरण सारणी
92694192793e930942-92a936941913902-92e947902-91793094d92d93e93692f93694b927,दुधारू पशुओं में गर्भाशयशोध
दुधारू-पशुओं-में-टीकाकरण,दुधारू पशुओं में टीकाकरण
92694192793e930942-92a936941913902-92e947902-926942927-90992494d92a93e92691592493e-92c92293c93e92894,दुधारू पशुओं में दूध उत्पादकता बढ़ाने योग्य चारे एवं दाने
दुधारू-पशुओं-में-बांझपन,दुधारू पशुओं में बांझपन
92694192793e930942-92a936941913902-92e947902-92c94092e93e93093f92f94b902-938947-93890292c90292793f92,दुधारू पशुओं में बीमारियों से संबंधित महत्वपूर्ण जानकारी
92694192e91593e-91c93f932947-915940-92e93f91f94d91f940-91593e-93894d93593e93894d92594d92f,दुमका जिले की मिट्टी का स्वास्थ्य
926942927-914930-926942927-90992494d92a93e92694b902-915940-92e92794192e947939-92a94d93091593e930-2-9,दूध और दूध उत्पादों की मधुमेह प्रकार 2 के प्रबंधन में भूमिका
926942927-91593e-92a93094091594d937923,दूध का परीक्षण
926942927-91c92893f924-91c94292894b91f93f915-93094b917,दूध जनित जूनोटिक रोग
926942927-926942939928947-91593e-938939940-92493094091593e-90f935902-92794d92f93e928-926947928947-92,दूध दूहने का सही तरीका एवं ध्यान देने योग्य बातें
926942927-92a93093f93091594d937923-90f935902-92893f93794d92a94d93092d93e935928,दूध परिरक्षण एवं निष्प्रभावन
926942927-92e947902-90592a92e93f93694d930923-90f935902-909938915940-91c93e90191a,दूध में अपमिश्रण एवं उसकी जाँच
दूध-से-क्रीम-निकालने-की-प्रक्रिया-और-विभिन्न-महत्वपूर्ण-बातें,दूध से क्रीम निकालने की प्रक्रिया और विभिन्न महत्वपूर्ण बातें
926947935918930-91c93f932947-915940-92e93f91f94d91f940-91593e-93894d93593e93894d92594d92f,देवघर जिले की मिट्टी का स्वास्थ्य
देश-में-होगी-जीएम-रबड़-की-खेती,देश में होगी जीएम रबड़ की खेती
देहरादून-के-घाटी-क्षेत्र-में-राजमा-की-खेती-के-अग्रिम-प्रदर्शन-के-माध्यम-से-किसानों-की-आजीविका-की-स्थ,देहरादून के घाटी क्षेत्र में राजमा की खेती के अग्रिम प्रदर्शन के माध्यम से किसानों की आजीविका की स्थिति में सुधार
92792892c93e926-91c93f932947-915940-92e93f91f94d91f940-91593e-93894d93593e93894d92594d92f,धनबाद जिले की मिट्टी का स्वास्थ्य
92792893f92f93e-90992494d92a93e926928-915940-90992894d928924-924915928940915,धनिया उत्पादन की उन्नत तकनीक
92792893f92f93e-915940-916947924940,धनिया की खेती
धनिया-की-वैज्ञानिक-खेती,धनिया की वैज्ञानिक खेती
धनिया-के-लिए-समेकित-कीट-प्रबन्धन-पैकेज,धनिया के लिए समेकित कीट प्रबन्धन पैकेज
92792893f92f93e-93894d92a94d93293f91f930,धनिया स्प्लिटर
92793e928,धान
धान,धान
92793e928-90992894d928924-91593f93894d92e,धान : उन्नत किस्म
92793e928-90992494d92a93e926928-915940-90992894d928924-924915928940915940-92e92794d92f92a94d93092694,धान उत्पादन की उन्नत तकनीकी-मध्यप्रदेश के संदर्भ में
धान-की-किस्में-झारखंड-के-संदर्भ-में,धान की किस्में-झारखंड के संदर्भ में
92793e928-915940-91c94893593f915-916947924940-938947-93890292c90292793f924-91594393793f-91594d93093f,धान की जैविक खेती से संबंधित कृषि क्रियाएं
धान-की-नर्सरी-में-देखभाल,धान की नर्सरी में देखभाल
धान-की-नर्सरी-में-देखभाल-धान-की-नर्सरी-1,धान की नर्सरी में देखभाल
धान-की-फसल-की-देखभाल,धान की फसल की देखभाल
92793e928-915940-92b938932-92e947902-91693092a92493593e930-92a94d93092c92894d927928,धान की फसल में खरपतवार प्रबन्धन
धान-की-बुवाई,धान की बुवाई
धान-की-सीधी-बुआई-कम-लागत-में-अधिक-उत्पादन,धान की सीधी बुआई कम लागत में अधिक उत्पादन
धान-के-रोगों-की-रोकथाम,धान के रोगों की रोकथाम
धान-फसल-अवशेष-का-प्रबंधन,धान फसल अवशेष का प्रबंधन
धान-फसल-के-प्रमुख-राेग-एवं-उपचार,धान फसल के प्रमुख राेग एवं उपचार
92793e928-92e947902-91594d93794792494d93093593e930-92e93e92894d92f915943924-93892e94791593f924-92893,धान में क्षेत्रवार मान्यकृत समेकित नाशीजीव प्रबंधन प्रौद्योगिकियां
92793e928-92e947902-928940932-93993093f924-93694893593e932-915947-90992a92f94b917-915940-92491592894,धान में नील हरित शैवाल के उपयोग की तकनीक
धान-वाली-फसलों-की-रोपाई,धान वाली फसलों की रोपाई
92793e928-938947-91b94191f91593e93093e-92d93f92894d921940-915940-91593f93894d92e-90f-4-928947-90992d,धान से छुटकारा भिन्डी की किस्म ए-4 ने उभारा
नई-ट्रेंच-विधि-से-अधिक-गन्ना-उत्पादन,नई ट्रेंच विधि से अधिक गन्ना उत्पादन
नई-विकसित-संकर-तिलहनटेक-एसयुएनएच-1,नई विकसित संकर तिलहनटेक-एसयुएनएच-1
928915932940-90f935902-92e93f93293e93591f940-90993094d93593091594b902-915940-92a93991a93e928-93593f9,नकली एवं मिलावटी उर्वरकों की पहचान विधि
नकिमा-है-एक-बहुपयोगी-शाक,नकिमा है एक बहुपयोगी शाक
नगालैंड-में-मुर्गीपालन-से-स्वरोजगार-null-1,नगालैंड में मुर्गीपालन से स्वरोजगार
नर्सरी-तालाब-का-प्रबंधन-null-1,नर्सरी तालाब का प्रबंधन
नर्सरी-प्रबंधन-काजू,नर्सरी प्रबंधन - काजू
नर्सरी-में-मिली-कामयाबियां-null-1,नर्सरी में मिली कामयाबियां
92893094d938930940-92e947902-93694b92d93e91593e930-92a94c92794b902-915940-92494892f93e930940,नर्सरी में शोभाकार पौधों की तैयारी
नवंबर-माह-के-कृषि-कार्य-null-1,नवंबर माह के कृषि कार्य
नवीन-तकनीक-के-प्रयोग-से-पाई-संपन्नता-null-1,नवीन तकनीक के प्रयोग से पाई संपन्नता
92893993094b902-92e947902-92e91b932940-90992494d92a93e926928-938947-90592793f915-93293e92d,नहरों में मछली उत्पादन से अधिक लाभ
नादेव-_नैडप_-कम्पोस्ट,नादेव (नैडप) कम्पोस्ट
92893e93093f92f932-915940-916947924940,नारियल की खेती
नारियल-की-खेती,नारियल की खेती
नारियल-के-बगीचों-में-मिश्रित-फसल-एक-सफल-उद्यम-की-ओर-कदम,नारियल के बगीचों में मिश्रित फसल एक सफल उद्यम की ओर कदम
92893e93093f92f932-93593f91593e938-92c94b93094d921-915940-92893e93093f92f932-92a94792193c-92c94092e9,नारियल विकास बोर्ड की नारियल पेड़ बीमा योजना
नालीदार-जस्ती-चादरों-का-उपयोग-करके-सब्जी-नर्सरी-के-उत्थापन-की-एक-अभिनव-विधि,नालीदार जस्ती चादरों का उपयोग करके सब्जी नर्सरी के उत्थापन की एक अभिनव विधि
93592893593e938940-92a91f94d200c91f93e92793e930940-91594393791594b902-91594b-92893f90393694193294d91,निःशुल्क बीज वितरण कार्यक्रम
92893f91c940-90992694d92f92e940-91793e93090291f940-92a94090891c940-93894d200d91594092e,निजी उद्यमी गारंटी (पीईजी) स्कीम
नियंत्रण,नियंत्रण
92893f92f92e93f924-93593f92a923928,नियमित विपणन
नींबू-की-वैज्ञानिक-खेती,नींबू की वैज्ञानिक खेती
नींबू-के-मुख्य-कीट-व-रोग-नियंत्रण,नींबू के मुख्य कीट व रोग नियंत्रण
92894090292c942-93593094d91794092f-92b93294b902-915940-916947924940,नींबू वर्गीय फलों की खेती
नींबूलीची-एवं-पपीता,"नींबू,लीची एवं पपीता"
नीबूवर्गीय-फलों-की-खेती,नीबूवर्गीय फलों की खेती
नीबूवर्गीय-फलों-में-वार्षिक-प्रबंधन,नीबूवर्गीय फलों में वार्षिक प्रबंधन
92894092e,नीम
92894092e-915947-92c94091c-915947-917942926947-91593e-90593094d915,नीम के बीज का अर्क
92894092e-938947-92893f93094d92e93f924-91594091f92893e93693f92f94b902-915940-93894291a940,नीम से निर्मित कीटनाशियों की सूची
नीम्बू-घास---लेमन-ग्रास-null-1,नीम्बू घास - लेमन ग्रास
नील-हरित-शैवाल-उत्पादन-तकनीक,नील हरित शैवाल उत्पादन तकनीक
928940932-91594d93093e92894d92493f-92a930-91594790292694d93094092f915943924-93094292a-938947-92a94d9,नील-क्रान्ति पर केंद्रीयकृत रूप से प्रायोजित योजना (सी.एस.एस): मात्स्यिकी का एकीकृत विकास और प्रबंधन – दिशा-निर्देश
928940932940-91594d93093e90292493f-92a930-91594790292694d93094092f-91594d93794792494d930-915940-92f9,नीली क्रांति पर केंद्रीय क्षेत्र की योजना: मत्स्यिकी का एकीकृत विकास तथा प्रबंध
928940932940-91594d93093e92894d92493f-90f915-93893f90293993e93593294b915928,नीली क्रान्ति - एक सिंहावलोकन
नौकरी-छोड़कर-केले-की-खेती-करने-में-लगे-किसान-कमा-रहे-मुनाफा-null-1,नौकरी छोड़कर केले की खेती करने में लगे किसान कमा रहे मुनाफा
92894d92f94291f94d93093894d92f94291f93f91594d93294d938-914930-92a936941-90992494d92a93e926928,न्यूट्रस्यूटिक्ल्स और पशु उत्पादन
न्यूनतम-समर्थन-मूल्य,न्यूनतम समर्थन मूल्य
पंक्ति-से-पंक्ति-की-अधिक-दूरी-पर-रोपण,पंक्ति से पंक्ति की अधिक दूरी पर रोपण
पंक्ति-से-पंक्ति-से-दूरी,पंक्ति से पंक्ति से दूरी
पंगास-मछली-पालन-के-लिए-तालाब-निर्माण-null-1,पंगास मछली पालन के लिए तालाब निर्माण
पंगेसियस-_पंगास_-पालन-एक-लाभकारी-व्यवसाय-null-1,पंगेसियस (पंगास) पालन एक लाभकारी व्यवसाय
पंगेसियस-के-लिए-नर्सरी-तालाब-प्रबंधन-null-1,पंगेसियस के लिए नर्सरी तालाब प्रबंधन
92a90291794793893f92f938-92a93e932928-92e947902-90691593894d92e93f91592493e92f947902-90f935902-90992,पंगेसियस पालन में आकस्मिकतायें एवं उपचार
92a90291794793893f92f938-92e91b932940-90f915-92a93093f91a92f,पंगेसियस मछली : एक परिचय
92a90291794793893f92f938-93894291a93f-91593e-92a94d93094793093f924-92a94d93091c928928,पंगेसियस सूचि का प्रेरित प्रजनन
पके-आम-की-निर्जलीकृत-फांकें-एवं-चूर्ण,पके आम की निर्जलीकृत फांकें एवं चूर्ण
92a915947-915947932947-915947-91b93f932915947-938947-92e94293294d92f-93890293593094d927928-939947924,पके केले के छिलके से मूल्य संवर्धन हेतु संभावनाएं
पछेती-बुआई-के-लिए-गेहूं-की-किस्में,पछेती बुआई के लिए गेहूं की किस्में
पटसन-की-पत्तियों-का-औषिधीय-महत्व,पटसन की पत्तियों का औषिधीय महत्व
पठारी-क्षेत्रों-में-सब्जियों-की-पैकेज-प्रणाली,पठारी क्षेत्रों में सब्जियों की पैकेज प्रणाली
पत्ता-धब्बा-रोग_-सूटी-ब्लॉच-और-फ्लाईस्पैक-रोग,"पत्ता धब्बा रोग, सूटी ब्लॉच और फ्लाईस्पैक रोग"
पत्तियों-पर-बोरॉन-के-प्रयोग-से-कद्दूवर्गीय-फसलों-के-उत्पादन-में-वृद्धि,पत्तियों पर बोरॉन के प्रयोग से कद्दूवर्गीय फसलों के उत्पादन में वृद्धि
पत्तीदार-सब्जियाँ,पत्तीदार सब्जियाँ
92a928940930-93594d93994792f-915940-91794192393592494d92493e-914930-90992a92f94b91793f92493e,पनीर व्हेय की गुणवत्ता और उपयोगिता
92a92a94092493e,पपीता
पपीता-की-खेती,पपीता की खेती
92a92a94092493e-915947-93293f90f-93892e94791593f924-91594091f-92a94d93092c92894d927928-92a9489159479,पपीता के लिए समेकित कीट प्रबन्धन पैकेज
पपीता-से-पपेन-बनायें,पपीता से पपेन बनायें
पपीता_नींबू_लीची_आम_अंगूर_-बेर_-केला-और-सुगंधित-फूल-की-देखभाल,"पपीता,नींबू,लीची,आम,अंगूर, बेर, केला और सुगंधित फूल की देखभाल"
92a92a94092493e-915940-916947924940,पपीते की खेती
पपीते-की-खेती-से-आय-दोगुनी,पपीते की खेती से आय दोगुनी
पपीते-की-खेती-है-लाभकारी,पपीते की खेती है लाभकारी
92a92a940924947-915940-916947924940-92e92794d92f92a94d930926947936-915947-93890292693094d92d-92e9479,पपीते की खेती-मध्यप्रदेश के संदर्भ में
पपीते-की-प्रमुख-किस्में,पपीते की प्रमुख किस्में
92a92a94092493e-915940-93594891c94d91e93e92893f915-916947924940,पपीते की वैज्ञानिक खेती
92a92a940924947-915947-93094b917-90f935902-909928915940-93094b91592593e92e,पपीते के रोग एवं उनकी रोकथाम
92a92a940924947-938947-92893f91593e932-930939947-939948902-92a92a947928,पपेन से लाभान्वित होते किसान
परजीवी-जनित-रोग,परजीवी जनित रोग
परम्परागत-कृषि-विकास-योजना-_पीकेवीवाई_,परम्परागत कृषि विकास योजना (पीकेवीवाई)
92a93092e94d92a93093e917924-93593f92793f-915940-90592a94791594d93793e-91c94093094b-91f93f93294791c-9,परम्परागत विधि की अपेक्षा जीरो टिलेज से गेहूँ की बुआई अधिक लाभकारी
परवल,परवल
परवल-की-बढ़ती-उपयोगिता,परवल की बढ़ती उपयोगिता
परवल-की-वैज्ञानिक-खेती,परवल की वैज्ञानिक खेती
92a94d93093894d92493e93592893e,परिचय
92a93093f91a92f-90f935902-90992a92f94b91793f92493e,परिचय एवं उपयोगिता
पर्वतीय-क्षेत्राें-में-मछली-पालन,पर्वतीय क्षेत्राें में मछली पालन
पलवार-से-कम-पानी-में-अधिक-सब्जी-उत्पादन,पलवार से कम पानी में अधिक सब्जी उत्पादन
92a93293e92e942-91c93f932947-915940-92e93f91f94d91f940-91593e-93894d93593e93894d92594d92f,पलामू जिले की मिट्टी का स्वास्थ्य
92a936941-90f935902-92e94193094d91793f92f94b902-915947-93293f90f-91f94091593e915930923-915940-92493e,पशु एवं मुर्गियों के लिए टीकाकरण की तालिका
पशु-चारे-को-स्वादिष्ट-बनाते-हर्बल-फीड-एडिटिव्स,पशु चारे को स्वादिष्ट बनाते हर्बल फीड एडिटिव्स
92a936941-92a93e932928-90f935902-92693e92893e-93594d92f93593893e92f,पशु पालन एवं दाना व्यवसाय
92a936941-92a94b937923-938947-93890292c90292793f924-92e93992494d93592a94293094d923-91c93e92891593e93,पशु पोषण से संबंधित महत्वपूर्ण जानकारी
92a936941-92a94d93091c928928-92493e93293f91593e,पशु प्रजनन तालिका
पशु-प्रबंध,पशु प्रबंध
पशु-सेहतमंद-तो-कमाई-भी-अच्छी-null-1,पशु सेहतमंद तो कमाई भी अच्छी
पशु-स्वास्थ्य-चारा,पशु स्वास्थ्य - चारा
92a936941913902-915940-92a94d93093e92592e93f915-91a93f91593f92494d93893e,पशुओं की प्राथमिक चिकित्सा
92a936941913902-915947-90693993e930-92e947902-92892e915-915940-90693593694d92f91592493e,पशुओं के आहार में नमक की आवश्यकता
92a936941913902-915947-92893591c93e924-92c91b947-915940-92694791692d93e932,पशुओं के नवजात बछड़े की देखभाल
92a936941913902-915947-92a94d93092e941916-93094b917-93094b91592593e92e-90f935902-90992a91a93e930,पशुओं के प्रमुख रोग - रोकथाम एवं उपचार
92a936941913902-915947-93093e93893e92f92893f915-90992a91a93e930-915947-92a94d93092e941916-93893f9269,पशुओं के रासायनिक उपचार के प्रमुख सिद्धांत
92a936941913902-915947-93293f90f-91c940935928-93091594d937915-939948-90591c94b93293e,पशुओं के लिए जीवन रक्षक है अजोला
92a936941913902-915947-93293f90f-92f94293093f92f93e-93694093093e-91692893f91c-92a93f92394d921903-90f,"पशुओं के लिए यूरिया, शीरा - खनिज पिण्डः एक पौष्टिक आहार"
92a936941913902-915947-93890291594d93093e92e915-93094b917-92492593e-90992891593e-91f94091593e9159309,पशुओं के संक्रामक रोग तथा उनका टीकाकरण
पशुओं-को-होनेवाली-बीमारी-व-उससे-बचाव,पशुओं को होनेवाली बीमारी व उससे बचाव
92a936941913902-92492593e-909928915940-90992494d92a93e92691592493e-92a930-91c93293593e92f941-92a9309,पशुओं तथा उनकी उत्पादकता पर जलवायु परिवर्तन के प्रभाव
पशुओं-में-खुर-का-अत्यधिक-बढ़ना_-जानकारी-एवं-निदान,पशुओं में खुर का अत्यधिक बढ़ना: जानकारी एवं निदान
92a936941913902-92e947902-92a94d93093894292493f-91c94d935930-93291594d937923-90992a91a93e930-90f9359,"पशुओं में प्रसूति ज्वर: लक्षण, उपचार एवं बचाव"
92a936941913902-92e947902-92c93e90291d92a928-91593e930923-914930-90992a91a93e930,पशुओं में बांझपन-कारण और उपचार
92a936941913902-92e947902-92c94d93094193894793294b93893f938-93094b917-90f935902-90993891593e-92a94d9,पशुओं में ब्रुसेलोसिस रोग एवं उसका प्रबंधन
92a936941913902-92e947902-92f94293093f92f93e-93693f93093e-924930932-91693e92694d92f-915940-90992a92f,पशुओं में यूरिया-शिरा तरल खाद्य की उपयोगिता
92a936941913902-92e947902-93994b928947-93593e932940-93893e92e93e92894d92f-92c94092e93e93093f92f93e90,पशुओं में होने वाली सामान्य बीमारियाँ एवं उनके प्राथमिक उपचार
90592894192693e928-92a930-92c91593093e-93593f924930923,पशुधन विकास विभाग की योजनाएं
पशुपालन-की-सफल-कहानी,पशुपालन की सफल कहानी
92a93694192a93e932928-915947-91f93f92a94d938,पशुपालन के टिप्स
92a93694192a93e932928-928947-92693f92f93e-93094b91c91793e930,पशुपालन ने दिया रोजगार
92a93694192a93e932928-928947-92c92893e92f93e-917943939923940-91594b-93894d93593e92c93290292c940,पशुपालन ने बनाया गृहणी को स्वाबलंबी
92a93694192a93e932928-92a94d93093693f91594d937923-938947-91794d93093e92e940923-92e93993f93293e90f901,पशुपालन प्रशिक्षण से ग्रामीण महिलाएँ हुई लाभान्वित
92a93694192a93e932928-92a94d93093693f91594d937923-938947-939941908-90592493f93093f91594d924-90692f,पशुपालन प्रशिक्षण से हुई अतिरिक्त आय
92a93694192a93e932928-92e947902-93892b93292493e-92a94d93093693f91594d93792393e93094d92593f92f94b902-,पशुपालन में सफलता प्रशिक्षणार्थियों की जुबानी
92a93694192a93e932928-935-92194792f930940-93593f92d93e917,पशुपालन व डेयरी विभाग
92a93694192a93e932928-935-92e92494d93894d92f-93593f92d93e917-915940-92f94b91c92893e92f947902,पशुपालन व मत्स्य विभाग की योजनायें
92a93694192a93e932928-93593f92d93e917-92694d93593e93093e-93890291a93e93293f924-93593f92d93f92894d928,पशुपालन विभाग द्वारा संचालित विभिन्न योजनाएं
92a93694192a93e932928-93892e94d92c92894d927940-92e93992494d93592a94293094d923-91c93e92891593e930940,पशुपालन सम्बन्धी महत्वपूर्ण जानकारी
92a93694192a93e932928-938947-90592493f93093f91594d924-93293e92d,पशुपालन से अतिरिक्त लाभ
92a93694192a93e932928-938947-92a93f92493e-91593e-93892a92893e-939941906-93893e91593e930,पशुपालन से पिता का सपना हुआ साकार
92a93694192a93e932928-938947-92c940-92a93e93093f93593e93093f915-90692f,पशुपालन से बढ़ी पारिवारिक आय
पशुपालन-से-मिला-रोजगार,पशुपालन से मिला रोजगार
animal-husbandry,पशुपालन से संबंधित योजनाएं
पशुपालन-स्टार्टअप-ग्रैंड-चैलेंज,पशुपालन स्टार्टअप ग्रैंड चैलेंज
पशुपालन-_-अक्सर-पूछे-जाने-वाले-प्रश्न,पशुपालन – अक्सर पूछे जाने वाले प्रश्न
92a93694d91a93f92e-93893f90293992d94292e-91c93f932947-915940-92e93f91f94d91f940-91593e-93894d93593e9,पश्चिम सिंहभूम जिले की मिट्टी का स्वास्थ्य
पाकुड़-जिले-की-मिट्टी-का-स्वास्थ्य,पाकुड़ जिले की मिट्टी का स्वास्थ्य
पादप-पोषण-में-ज़स्ते-की-उपयोगिता-एवं-प्रबंधन,पादप पोषण में ज़स्ते की उपयोगिता एवं प्रबंधन
92a93e92692a-93894193091594d93793e,पादप सुरक्षा
पान-की-खेती-का-महत्व,पान की खेती का महत्व
पान-की-खेती-की-विधि,पान की खेती की विधि
92a93e928-915940-916947924940-915948938947-915930947902,पान की खेती के लिए अनुकूल दशाएं
92a93e93092e94d92a93093f915-92a94d93094c92694d92f94c91793f915940-92a92694d92792493f92f93e901,पारम्परिक प्रौद्योगिकी पद्धतियाँ
92a93e93092e94d92a93093f915-935-91c94893593f915-92c94091c-93890293094d935927928,पारम्परिक व जैविक बीज संर्वधन
पारिस्थितिकी-तंत्र-आधारित-आर्द्रभूमि-प्रबंधन-के-माध्यम-से-आजीविका-में-सुधार,पारिस्थितिकी तंत्र आधारित आर्द्रभूमि प्रबंधन के माध्यम से आजीविका में सुधार
92a93e93094d92594792893f92f92e-93993f93891f94793094b92b94b930938-91594b-92a93991a93e928947-90f935902,पार्थेनियम हिसटेरोफोरस को पहचाने एवं करें बचाव के उपाय
92a93e932924942-92a936941913902-92e947902-91793094d92d-92893f92693e928-915940-93593f92d93f92894d928-,पालतू पशुओं में गर्भ निदान की विभिन्न विधियाँ
92a93f90291c93093e-92e91b932940-92a93e932928-92e947902-92a94d932935915940-91693e92694d92f-915940-909,पिंजरा मछली पालन में प्लवकी खाद्य की उपयोगिता
92a93f90291c93094b902-92e947902-92a94792893f905938-93894792e93f93893291593e91f938-92a93e932928-92e93,पिंजरों में पेनिअस सेमिसलकाटस पालन - मान्नार खाड़ी में
पिंजरों-में-बायोफाउलिंग-नियंत्रण-और-शाकाहारी-मछलीपालन,पिंजरों में बायोफाउलिंग नियंत्रण और शाकाहारी मछलीपालन
92a93f90291c93094b902-92e947902-92e91b932940-92a93e932928-915940-92d94c91794b93293f915-93894d92593f9,पिंजरों में मछली पालन की भौगोलिक स्थिति – एक अवलोकन
92a93f92a94d92a932940-915940-916947924940,पिप्पली की खेती
पिस्ता-व-अन्य-वाणिज्यिक-फसलों-से-आर्थिक-स्थिति-में-सुधार-की-संभावनाएँ,पिस्ता व अन्य वाणिज्यिक फसलों से आर्थिक स्थिति में सुधार की संभावनाएँ
पीपीएम-की-गणना-कैसे-करेंगे,पी.पी.एम. की गणना कैसे करेंगे
पीली-सरसों,पीली सरसों
पुनर्रोपण-की-समस्या-एवं-कैंकर-और-डाइबैक-रोग,पुनर्रोपण की समस्या एवं कैंकर और डाइबैक रोग
92a94193794d92a-90992494d92a93e926928-93893e93093f923940,पुष्प उत्पादन सारिणी
पुष्प-एवं-सुगंधीय-पौधों-का-प्रबंधन,पुष्प एवं सुगंधीय पौधों का प्रबंधन
पुष्प-व-सगंधीय-पौधों-का-प्रबंधन_,पुष्प व सगंधीय पौधों का प्रबंधन
पुष्प-व-सगंधीय-पौधों-का-प्रबंधन,पुष्प व सगंधीय पौधों का प्रबंधन
पुष्प-व-सुगंध-वाले-पौधे,पुष्प व सुगंध वाले पौधे
पुष्प-व-सुगंध-वाले-पौधों-का-प्रबंधन,पुष्प व सुगंध वाले पौधों का प्रबंधन
पुष्प-व-सुगंधित-पौधे,पुष्प व सुगंधित पौधे
पुष्प-व-सुगन्धित-पौधे,पुष्प व सुगन्धित पौधे
पुष्पण-पर-नियंत्रण-एवं-गन्ने-की-महत्वपूर्ण-प्रजातियां,पुष्पण पर नियंत्रण एवं गन्ने की महत्वपूर्ण प्रजातियां
92a94293094d935940-90992494d924930-92a94d930926947936-914930-92c93f93993e930-92e947902-92793e928-915,पूर्वी उत्तर प्रदेश और बिहार में धान की सीधी बुआई के लिए शस्य क्रियाएँ
92a94293094d935940-93893f90293992d94292e-91c93f932947-915940-92e93f91f94d91f940-91593e-93894d93593e9,पूर्वी सिंहभूम जिले की मिट्टी का स्वास्थ्य
92a948921940-91f94d93093e90293892a94d93293e90291f930-938947-92793e928-93094b92a93e908-92a94d93092693,पैडी ट्रांसप्लांटर से धान रोपाई प्रदर्शन कार्यक्षेत्र
पैडी-स्ट्रॉ-मशरूम-परिचय_-पोषण-मूल्य-और-वैज्ञानिक-खेती-तकनीक,"पैडी स्ट्रॉ मशरूम : परिचय, पोषण मूल्य और वैज्ञानिक खेती तकनीक"
92a94893093e-91594393793f-91592e-93293e917924-938947-91c94d92f93e92693e-90692e926928940,पैरा कृषि - कम लागत से ज्यादा आमदनी
पॉपलर-के-साथ-शिमला-मिर्च-की-खेती,पॉपलर के साथ शिमला मिर्च की खेती
92a94992a941932930-91f94d930940-915940-916947924940-92e947902-932917947-91593f93893e928,पॉपुलर ट्री की खेती में लगे किसान
पॉलिथीन-तालाबों-में-बत्तख-पालन,पॉलिथीन तालाबों में बत्तख पालन
पॉली-हाउस-ने-दी-एक-नई-पहचान,पॉली हाउस ने दी एक नई पहचान
पॉलीहाउस-में-खीरे-की-व्यावसायिक-खेती,पॉलीहाउस में खीरे की व्यावसायिक खेती
92a94993294093993e909938-92e947902-92e94392693e-93894d93593e93894d92594d92f-90f935902-92a94d93092c92,पॉलीहाउस में मृदा स्वास्थ्य एवं प्रबन्धन
पोपलर-वृक्ष-से-कमाई,पोपलर वृक्ष से कमाई
पोपलर-मेंथा-एवं-मुलेठी,"पोपलर, मेंथा एवं मुलेठी"
पोल्ट्री-के-मलमूत्र-अथवा-विष्टा-से-बायोगैस-उत्पादन-हेतु-_dac_-टैक्नोलॉजी,पोल्ट्री के मलमूत्र अथवा विष्टा से बायोगैस उत्पादन हेतु ‘DAC’ टैक्नोलॉजी
पोषक-तत्व-प्रबंधन,पोषक तत्व प्रबंधन
92a94b937915-92492494d935-92a94d93092c902927928-90f935902-92a94d93091c93e92493f92f94b902-91593e-91a9,पोषक तत्व प्रबंधन एवं प्रजातियों का चयन
पोषक-तत्वों-से-भरपूर-अंडे-के-छिलके-से-बनी-खाद,पोषक तत्वों से भरपूर अंडे के छिलके से बनी खाद
पोषक-तत्वों-से-भरपूर-बाजरा,पोषक तत्वों से भरपूर-बाजरा
पौध-झुलसा-एवं-चूर्णी-फफूंद-रोग,पौध झुलसा एवं चूर्णी फफूंद रोग
पौध-संरक्षण,पौध संरक्षण
92a94c927-93890293091594d937923-90f935902-90693094d92593f915-93593f93694d932947937923,पौध संरक्षण एवं आर्थिक विश्लेषण
92a94c927-93894193091594d93793e,पौध सुरक्षा
पौधशाला-की-तैयारी-तथा-बीजारोपण,पौधशाला की तैयारी तथा बीजारोपण
92a94c92793693e93293e-915947-93893e91c-93893e92e93e928,पौधशाला के साज-सामान
92a94c92793e-93890293091594d937923,पौधा संरक्षण
92a94c92794b902-915947-93293f90f-90693593694d92f915-92a94b937915-92492494d93594b902-91593e-93593094d,पौधों के लिए आवश्यक पोषक तत्वों का वर्गीकरण एवं उनकी कमी के लक्षण
पौधों-को-उगाकर-नर्सरी-व्यवासायी-बना-समरेंद्र-null-1,पौधों को उगाकर नर्सरी व्यवासायी बना समरेंद्र
92a94c92794b902-92e947902-92a94b937915-92492494d935-915947-91592e940-915947-93291594d937923-90f93590,पौधों में पोषक तत्व के कमी के लक्षण एवं निदान
92a94c93794d91f93f91592493e-92c93e928947-915947-93293f90f-92d94293893e-92a941906932-91593e-92f942930,पौष्टिकता बढ़ाने के लिए भूसा/पुआल का यूरिया उपचार
92a94d92f93e91c,प्याज
प्याज-उत्पादन-तकनीक,प्याज उत्पादन तकनीक
प्याज-एवं-लहसुन,प्याज एवं लहसुन
प्याज-का-उत्पादन-एवं-देखभाल,प्याज का उत्पादन एवं देखभाल
92d94092e93e-93694192d94d93093e-92a94d92f93e91c-90693693e-915940-928908-91593f930923,प्याज की खेती-आशा की नई किरण
92a94d92f93e91c-915940-93594891c94d91e93e92893f915-916947924940,प्याज की वैज्ञानिक खेती
प्याज-के-निर्जलीकृत-कतरे-एवं-चूर्ण,प्याज के निर्जलीकृत कतरे एवं चूर्ण
92a94d92f93e91c-92d90292193e930923-91794b92693e92e-92a930-92e949921932-92f94b91c92893e,प्याज भंडारण गोदाम पर मॉडल योजना
प्याज-वर्गीय-सब्जियाँ,प्याज वर्गीय सब्जियाँ
प्रकृति-की-अनमोल-देन-वेटिवर-की-उन्नत-खेती,प्रकृति की अनमोल देन वेटिवर की उन्नत खेती
92a94d93091792493f936940932-915943937915-928930947936-91594192e93e930-915940-93892b932-91793e92593e,प्रगतिशील कृषक नरेश कुमार की सफल गाथा
92a94d93091c928915-93893e90292194b902-915940-92694791692d93e932-90f935902-92a94d93092c902927928,प्रजनक सांडों की देखभाल एवं प्रबंधन
प्रजनन-एवं-नस्ल-सुधार,प्रजनन एवं नस्ल सुधार
प्रति-एकड़-107-टन-गन्ना-उत्पादन,प्रति एकड़ 107 टन गन्ना उत्पादन
प्रतिभा-हल्दी-की-खेती-एक-लाभदायक-व्यवसाय,प्रतिभा हल्दी की खेती- एक लाभदायक व्यवसाय
प्रतिभा-हल्दी-से-आय-व-आजीविका-सुरक्षा-में-बढ़ोतरी,प्रतिभा हल्दी से आय व आजीविका सुरक्षा में बढ़ोतरी
92a94d93092494d92f91594d937-93593f92a923928,प्रत्यक्ष विपणन
प्रदेश-में-आलू-उत्पादन-हेतु-प्रमुख-प्रजातियाँ,प्रदेश में आलू उत्पादन हेतु प्रमुख प्रजातियाँ
92a94d93092793e92892e90292494d930940-90592894d92892693e92493e-90692f-93890293091594d937923-90592d93f,प्रधानमंत्री अन्नदाता आय संरक्षण अभियान (पीएम-आशा)
प्रधानमंत्री-किसान-मन-धन-योजना-_पीएम-केएमवाई_,प्रधानमंत्री किसान मन-धन योजना (पीएम-केएमवाई)
प्रधानमंत्री-किसान-सम्पदा-योजना,प्रधानमंत्री किसान सम्पदा योजना
92a94d93092793e92892e90292494d930940-91594393793f-93893f90291a93e908-92f94b91c92893e-92a94090f92e915,प्रधानमंत्री कृषि सिंचाई योजना(पीएमकेएसवाई)
92a94d93092793e92892e90292494d930940-91594393793f-93893f90291a93e908-92f94b91c92893e-90591594d938930,प्रधानमंत्री कृषि सिंचाई योजना-अक्सर पूछे जाने वाले प्रश्न
प्रधानमंत्री-फसल-बीमा-योजना-null-1,प्रधानमंत्री फसल बीमा योजना
प्रधानमंत्री-मत्स्य-सम्पदा-योजना-_पीएमएमएसवाई_,प्रधानमंत्री मत्स्य सम्पदा योजना (पीएमएमएसवाई)
प्रमाणित-बीज-उत्पादन-कार्यक्रम,प्रमाणित बीज उत्पादन कार्यक्रम
प्रमुख-औषधीय-एवं-सुगंधित-पौधों-की-पैकेज-प्रणाली,प्रमुख औषधीय एवं सुगंधित पौधों की पैकेज प्रणाली
प्रमुख-कीट_-रोग-और-व्याधियां-तथा-रोकथाम-के-उपचार,"प्रमुख कीट, रोग और व्याधियां तथा रोकथाम के उपचार"
प्रमुख-फसलें-एवं-कार्य,प्रमुख फसलें एवं कार्य
प्रमुख-फसलों-में-समेकित-रोग-प्रबंधन,प्रमुख फसलों में समेकित रोग प्रबंधन
प्रमुख-रासायनिक-उर्वरक,प्रमुख रासायनिक उर्वरक
92a94d93092f94b917-915940-93593f92793f-914930-90592894d92f-91c93e92891593e930940,प्रयोग की विधि और अन्य जानकारी
प्ररोह-गॉल-सॉयला-की-प्रभावी-रोकथाम-से-आम-का-दोगुना-उत्पादन,प्ररोह गॉल सॉयला की प्रभावी रोकथाम से आम का दोगुना उत्पादन
92a94d93093890293894d915943924-91693e92694d92f-92a92693e93094d925-92e947902-91593e93094d92f93e92494d,प्रसंस्कृत खाद्य पदार्थ में कार्यात्मक सामग्री का नियंत्रित निस्तारण
92a94d93093e91594392493f915-92b93e90892c930-91592a93e938,प्राकृतिक फाईबर कपास
प्राकृतिक-रेशायुक्त-रबराइज्ड-गमले-एवं-फूलदान,प्राकृतिक रेशायुक्त रबराइज्ड गमले एवं फूलदान
90f915940915943924-91c93293890292d930923-92a94d93092c902927928-91593e93094d92f91594d93092e,"प्राकृतिक संसाधनों का संभरण,सरंक्षण और विकास"
प्रो-ट्रे-विधि-से-सब्जी-पौध-उत्पादन,प्रो-ट्रे विधि से सब्जी पौध उत्पादन
92a94d93094b92c93e92f94b91f93f915-91593f92394d93593f924-92694191794d927-92a92693e93094d92594b902-938,प्रोबायोटिक किण्वित दुग्ध पदार्थों से हृदय रोगों की रोकथाम
92a94d93094c92694d92f94b91793f915940-915947-93894d92493094b92894d92892f928-939947924941-92693f93693e,प्रौद्योगिकी के स्तरोन्नयन हेतु दिशा-निर्देश
92a94d93094b92694d92f94b91793f915940-93593f91593e938-93593f93894d92493e930-90f935902-92a94d93093693f,"प्रौद्योगिकी विकास, विस्तार एवं प्रशिक्षण (टी.डी.ई.टी.) मार्गदर्शी सिद्धांत"
92a94d93094c92694d92f94b91793f915940-93593f91593e938-93593f93894d92493e930-90f935902-92a94d93093693f,"प्रौद्योगिकी विकास,विस्तार एवं प्रशिक्षण योजनाएं"
फरवरी-माह-एवं-कृषि-कार्य,फरवरी माह एवं कृषि कार्य
92b930935930940-92e93e939-915947-91594393793f-91593e93094d92f,फरवरी माह के कृषि कार्य
फरवरी-माह-सब्जियां,फरवरी माह-सब्जियां
फर्टिगेशन-प्रणाली-से-जल-और-उर्वरकों-का-प्रभावी-उपयोग,फर्टिगेशन प्रणाली से जल और उर्वरकों का प्रभावी उपयोग
92b932-90992494d92a93e926928-90f935902-93890293091594d937923,फल उत्पादन एवं संरक्षण
फल-एवं-टहनी-बेधक-कीट-का-प्रबंधन,फल एवं टहनी बेधक कीट का प्रबंधन
92b932-90f935902-93892c94d91c93f92f94b902-91593e-91591f93e908-90992a93093e92894d924-930916-93091693e,फल एवं सब्जियों का कटाई उपरान्त रख-रखाव
92b932-90f935902-93892c94d91c93f92f94b902-915947-92494193e908-90992a93093e902924-90991a93f924-926947,फल एवं सब्जियों के तुड़ाई उपरांत उचित देखभाल एवं परिरक्षण के द्वारा मूल्यवर्धन
92b932-90f935902-93892c94d91c93f92f94b902-92e947902-92e94293294d92f93593094d92694d927928,फल एवं सब्जियों में मूल्यवर्द्धन
फल-एवं-सब्जियों-से-पोषण-सुरक्षा-null-1,फल एवं सब्जियों से पोषण सुरक्षा
92b932-92a93093f93091594d937923-93892e94d92c90292793f924-91c93e928915930940,फल परिरक्षण सम्बंधित जानकरी
92b932-92a94c92794b902-92e947902-90f915940915943924-92a94b937915-92492494d935-92a94d93092c92894d9279,फल पौधों में एकीकृत पोषक तत्व प्रबन्धन
92b932-93593094d91794092f-93892c94d91c940,फल वर्गीय सब्जी
फल-वृक्ष-आधारित-बहुस्तरीय-फसल-प्रणाली,फल वृक्ष आधारित बहुस्तरीय फसल प्रणाली
92b932-93594391594d937-90692793e93093f924-92c93994193894d92493094092f-92b938932-92a94d93092393e93294,फल वृक्ष आधारित बहुस्तरीय फसल प्रणाली
फल-वृक्षों-में-सूक्ष्म-पोषक-तत्वों-की-कमी-के-लक्षण-एवं-निदान-null-1,फल वृक्षों में सूक्ष्म पोषक तत्वों की कमी के लक्षण एवं निदान
92b932-93892c94d91c93f92f94b902-914930-91c-92b93893294b902-915940-92a94891594791c93f902917,"फल, सब्जियों और जड़ फसलों की पैकेजिंग"
फलाें-की-फसल-की-देखभाल,फलाें की फसल की देखभाल
92b932940-91b947926915-91594091f-90f935902-90992891593e-92a94d93092c902927928,फली छेदक कीट एवं उनका प्रबंधन
93092c940-915940-924947932939928940-92b938932947902,फलों एवं सब्जियों का संसाधन (प्रिजर्वेशन)
फलों-एवं-सब्जियों-के-मूल्यवर्धन-से-बढ़ती-आमदनी,फलों एवं सब्जियों के मूल्यवर्धन से बढ़ती आमदनी
92b93294b902-90f935902-93892c94d91c93f92f94b902-915947-92e94293294d92f93593094d927928-938947-92c9249,फलों एवं सब्जियों के मूल्यवर्धन से बढ़ती आमदनी
92b93294b902-90f935902-93892c94d91c93f92f94b902-92e947902-93893f90291a93e908-915947-93892e92f-91593e,फलों एवं सब्जियों में सिंचाई के समय का निर्धारण
फलों-की-खेती,फलों की खेती
फलों-की-खेती-null-1,फलों की खेती
92b93294b902-915940-916947924940-92a930-90591594d938930-92a94291b947-91c93e928947-93593e932947-92a94,फलों की खेती पर अक्सर पूछे जाने वाले प्रश्न
92b93294b902-915940-91794192393592494d92493e-92e947902-93894192793e930,फलों की गुणवत्ता में सुधार
फलों-के-रस-संरक्षण-का-विवरण,फलों के रस संरक्षण का विवरण
92b93294b92494d92a93e926928-92e947902-93892e94791593f924-91594091f-92a94d93092c902927,फलोत्पादन में समेकित कीट प्रबंध
फव्वारा-सिंचाई-फसलोत्पादन-के-लिए-लाभकारी-पद्धति,फव्वारा सिंचाई-फसलोत्पादन के लिए लाभकारी पद्धति
92b93594d93593e93093e-93893f90291a93e908-90f915-91593e930917930-92a92694d92792493f,फव्वारा सिंचाई: एक कारगर पद्धति
92b938932-90593593694793794b902-91594b-91c93293e928947-938947-93593e92493e935930923-92a930-926941937,फसल अवशेषों को जलाने से वातावरण पर दुष्प्रभाव
फसल-आधारित-प्रमुख-सरकारी-योजनाएँ-उत्पादन_-सुरक्षा-और-स्थिरता-का-समग्र-ढांचा,"फसल आधारित प्रमुख सरकारी योजनाएँ : उत्पादन, सुरक्षा और स्थिरता का समग्र ढांचा"
92b938932-90992494d92a93e926928-91593e93094d92f91594d93092e,फसल उत्पादन कार्यक्रम
92b938932-90992494d92a93e926928-915940-90992894d928924-91594393793f-92a94d93092393e932940,फसल उत्पादन की उन्नत कृषि प्रणाली
91593e932940-92e93f93094d91a-915940-92b938932-91594b-93993e92893f-92a93994190191a93e928947-93593e932,फसल को हानि पहुँचाने वाले रोग एवं उनका प्रबंधन
92b938932-91a91594d930-92c926932-915930-90592793f915-93293e92d-91592e93e90f902,फसल चक्र बदल कर अधिक लाभ कमाएं
92b938932-92a93093e917923-90f935902-92e92794192e91594d916940-93592893894d92a92493f-91c917924,फसल परागण एवं मधुमक्खी वनस्पति जगत
92b938932-92c94092e93e,फसल बीमा एवं सूचना प्रसार
फसल-बीमा-योजना,फसल बीमा योजना
फसल-विविधीकरण-से-टिकाऊ-आमदनी,फसल विविधीकरण से टिकाऊ आमदनी
92b938932-93890293091594d937923,फसल संरक्षण
फसलों-में-कीट-प्रबंधन,फसलों में कीट प्रबंधन
फसलों-में-कीटों-के-प्रबंधन-के-लिए-प्रवीण-कृषि-पद्धतियाँ,फसलों में कीटों के प्रबंधन के लिए प्रवीण कृषि पद्धतियाँ
92b93893294b902-92e947902-91693092a92493593e930-92893f92f90292494d930923-915947-90692794192893f915-9,फसलों में खरपतवार नियंत्रण के आधुनिक यंत्र
92b93893294b902-92e947902-91693092a92493593e930-92a94d93092c92894d927928,फसलों में खरपतवार प्रबन्धन
फसलों-में-समेकित-खरपतवार-प्रबन्धन,फसलों में समेकित खरपतवार प्रबन्धन
फसलोत्पादन-बढ़ाने-में-नीमलेपित-यूरिया-लाभकारी,फसलोत्पादन बढ़ाने में नीमलेपित यूरिया लाभकारी
92b93893294b92a93093e902924-938947-91c94192193c940902-92e93992494d93592a94293094d923-92c93e924947902,फसलोपरांत से जुड़ीं महत्वपूर्ण बातें
फायदेमंद-है-सहजन-की-खेती,फायदेमंद है सहजन की खेती
फालसा-की-खेती-है-लाभप्रद-व्यवसाय,फालसा की खेती है लाभप्रद व्यवसाय
91794193293e92c-92c94793293e-91a92e947932940-915940-92b94293294b902-938947-90992494d92a93e92693f924-,फूल एवं उससे उत्पादित तेल
फूलगाेबी,फूलगाेबी
फूलगाेभी,फूलगाेभी
फूलगाेभी-की-फसल,फूलगाेभी की फसल
फूलगोभी-और-बैंगन-का-उत्पादन-एवं-देखभाल,फूलगोभी और बैंगन का उत्पादन एवं देखभाल
फूलगोभी-की-देखभाल,फूलगोभी की देखभाल
फूलगोभी-की-वैज्ञानिक-खेती,फूलगोभी की वैज्ञानिक खेती
फूलों-का-फायटोप्लाज्मा-जनित-रोग,फूलों का फायटोप्लाज्मा जनित रोग
फूलों-की-खेती-एवं-उनके-लाभ,फूलों की खेती एवं उनके लाभ
फूलों-की-खेती-कर-विमला-ने-बनायी-अलग-पहचान-null-1,फूलों की खेती कर विमला ने बनायी अलग पहचान
92b94293294b902-915940-916947924940-91593e-93593f91593e938,फूलों की खेती का विकास
फूलों-की-खेती-की-संभावनाएँ,फूलों की खेती की संभावनाएँ
92b94293294b902-915940-92494b93e908-90992a93093e902924-92694791692d93e932,फूलों की खेती में सावधानियाँ
92b94293294b902-915940-92a94891594791c-92a94d93092393e932940,फूलों की पैकेज प्रणाली
फूलों-में-लगने-वाली-सामान्य-बीमारियाँ-कीट-एवं-उनके-उपचार-और-रोकथाम,"फूलों में लगने वाली सामान्य बीमारियाँ, कीट एवं उनके उपचार और रोकथाम"
फॉल-आर्मीवर्म-से-गन्ने-की-सुरक्षा,फॉल आर्मीवर्म से गन्ने की सुरक्षा
92b94b92193c93e908-91b93f93293e908-90992a915930923,फोड़ाई/छिलाई उपकरण
92b94d93094790291a92c940928,फ्रेंचबीन
फ्रेंचबीन,फ्रेंचबीन
फ्रेंचबीन-_फ्रांसबीन_-null-1,फ्रेंचबीन (फ्रांसबीन)
92b94d93094790291a92c940928-915940-91c94893593f915-916947924940-938947-93890292c90292793f924-9159439,फ्रेंचबीन की जैविक खेती से संबंधित कृषि क्रियाएं
92c90291c930-91c92e940928-91594b-90992a91c93e90a-92c92893e-915930-92c93f93993e930-915947-91593f93893,बंजर जमीन को उपजाऊ बना कर बिहार के किसान हो रहे खुशहाल
बंजर-भूमि-विकास-की-तकनीकें,बंजर भूमि विकास की तकनीकें
बकरियाें-एवं-भेड़ाें-की-प्रमुख-बीमारियां-एवं-बचाव,बकरियाें एवं भेड़ाें की प्रमुख बीमारियां एवं बचाव
92c91593093f92f94b902-915940-90992a92f94b917940-92893894d932947902,बकरियों की उपयोगी नस्लें
बकरियों-की-विभिन्न-नस्लों-का-आमदनी-बढ़ाने-में-योगदान,बकरियों की विभिन्न नस्लों का आमदनी बढ़ाने में योगदान
बकरियों-में-आहार-प्रबंधन,बकरियों में आहार प्रबंधन
बकरी-आवास-प्रबंधन,बकरी आवास प्रबंधन
बकरी-की-नस्ल,बकरी की नस्ल
बकरी-की-सामान्य-जानकारियां,बकरी की सामान्य जानकारियां
goat-farming,बकरी पालन
बकरी-पालन,बकरी पालन
बकरी-पालन-क्यों-,बकरी पालन क्यों ?
92c915930940-92a93e932928-92a94d93092c92894d927928,बकरी पालन प्रबन्धन
92c915930940-92a93e932928-93594d92f93593893e92f,बकरी पालन व्यवसाय
92c915930940-92a93e932928-938947-93890292c90292793f924-90693593694d92f915-92c93e924947902,बकरी पालन से संबंधित आवश्यक बातें
बकरी-पालन-है-अतिरिक्त-आमदनी-का-स्रोत,बकरी पालन है अतिरिक्त आमदनी का स्रोत
92c915930940-92a93e932928-90f915-91794d93093e92e940923-93594d92f93593893e92f-1,बकरी पालन: एक ग्रामीण व्यवसाय
92c91794091a94b902-92e947902-90692794192893f915-93893f90291a93e908-92a94d93092c92894d927928,बगीचों में आधुनिक सिंचाई प्रबन्धन
बच-की-खेती,बच की खेती
92c91b940-935-91591f940-939940-90692794192893f915-921947930940-92b93e93094d92e-915940-928940902935,बछड़ी व कटड़ी ही आधुनिक डेरी फार्म की नींव
92c91b947-915940-92694791692d93e932,बछड़े की देखभाल
92c91b94b902-938947-93890292c90292793f924-92e93992494d93592a94293094d923-91c93e92891593e930940,बछड़ों से संबंधित महत्वपूर्ण जानकारी
बटन-मशरूम-उत्पादन,बटन मशरूम उत्पादन
92c91f947930-92a93e932928,बटेर पालन
92c91f947930-92a93e932928-915930-93093e91c926947935-928947-92c92893e92f93e-905932917-92a93991a93e928,बटेर पालन कर राजदेव ने बनाया अलग पहचान
बटेर-पालन-से-राजदेव-की-बनी-अलग-पहचान,बटेर पालन से राजदेव की बनी अलग पहचान
92c92193c947-92a94892e93e928947-92a930-93994b924940-939948-92b94293294b902-915940-916947924940-91593,बड़े पैमाने पर फूलों की खेती
बड्डूवाल-गांव-चावल-के-यांत्रिक-रोपण-का-मार्ग-प्रशस्त-किया,बड्डूवाल गांव चावल के यांत्रिक रोपण का मार्ग प्रशस्त किया
92c92494d924916-90f935902-92c91f947930-92a93e932928,बत्तख एवं बटेर पालन
92c92494d924916-92a93e932928,बत्तख पालन
92c926932924947-92e94c93892e-92a93093f935947936-92e947902-92e94392693e-90993094d93593092493e-90f9359,बदलते मौसम परिवेश में मृदा उर्वरता एवं जल प्रंबधन
92c92793f92f93e915930923-90f935902-90993891593e-92e93992494d935,बधियाकरण एवं उसका महत्व
92c92893593e92f93e-92e91593e928-916930940926940-91c92e940928,"बनवाया मकान, खरीदी जमीन"
बरसीन,बरसीन
बरसीम-एवं-लूसर्न-के-लिए-खरपतवार-प्रबंधन,बरसीम एवं लूसर्न के लिए खरपतवार प्रबंधन
बरसीम-और-जई,बरसीम और जई
बरसीम-की-रिलेयिंग_-सरसों-आधारित-फसल-प्रणाली-की-उपज-और-आय-दोगुनी-करने-की-संभावनाएँ,बरसीम की रिलेयिंग: सरसों आधारित फसल प्रणाली की उपज और आय दोगुनी करने की संभावनाएँ
बरसीम-रिजका-और-जई,"बरसीम, रिजका और जई"
बर्ड-ऑफ-पैराडाइज-उभरता-हुआ-नवीन-पुष्प,बर्ड ऑफ पैराडाइज उभरता हुआ नवीन पुष्प
बहुउद्देशीय-कृषि-मॉडल-या-एकीकृत-खेती-प्रारूप-_-लघु-किसानों-के-लिए-मुनाफे-का-सौदा,बहुउद्देशीय कृषि मॉडल या एकीकृत खेती प्रारूप – लघु किसानों के लिए मुनाफे का सौदा
बहुस्तरीय-फसल-उत्पादन-पद्धति,बहुस्तरीय फसल उत्पादन पद्धति
92c93e901938-90692793e93093f924-91594393793f-93593e92893f915940-938947-90692f-90593094d91c928,बाँस आधारित कृषि वानिकी से आय अर्जन
बांस-की-बढ़ती-व्यावसायिक-उपयोगिता,बांस की बढ़ती व्यावसायिक उपयोगिता
बागवानी,बागवानी
92c93e91793593e928940,बागवानी
बागवानी-फसल,बागवानी फसल
92c93e91793593e928940-92b938932-92c928940-93593092693e928,बागवानी फसल बनी वरदान
बागवानी-फसलें,बागवानी फसलें
बागवानी-फसलों-का-उत्पादन,बागवानी फसलों का उत्पादन
बागवानी-फसलों-का-उत्पादन-एव-प्रबंधन,बागवानी फसलों का उत्पादन एव प्रबंधन
बागवानी-फसलों-का-उत्पादन-एवं-प्रबंधन,बागवानी फसलों का उत्पादन एवं प्रबंधन
बागवानी-फसलों-का-प्रबंधन,बागवानी फसलों का प्रबंधन
92c93e91793593e928940-92b93893294b902-91593e-92d90292193e930923,बागवानी फसलों का भंडारण
बागवानी-फसलों-के-लिए-नई-पॉलीहाउस-प्रौद्योगिकी,बागवानी फसलों के लिए नई पॉलीहाउस प्रौद्योगिकी
92c93e91793593e928940-92b93893294b902-915947-93293f90f-93892e94791593f924-91c932-92a94d93092c9029279,बागवानी फसलों के लिए समेकित जल प्रबंधन
बागवानी-फसलों-के-लिए-सूक्ष्म-सिंचाई,बागवानी फसलों के लिए सूक्ष्म सिंचाई
बागवानी-या-उद्यान-विज्ञान-के-प्रकार,बागवानी या उद्यान विज्ञान के प्रकार
बागवानी-व-उद्यान-में-नये-मापदंड-गढ़-रहे-दो-भाई,बागवानी व उद्यान में नये मापदंड गढ़ रहे दो भाई
92c93e91793593e928940-93892e94d92c90292793f924-92e93e93893f915-91593e93094d92f93893e93093f923940,बागवानी सम्बंधित मासिक कार्यसारिणी
92c93e91793593e928940-939947924941-92e93e93993593e930-91594393793f-91593e93094d92f-92c930947932940-9,बागवानी हेतु माहवार कृषि कार्य-बरेली जिला
बाजरा,बाजरा
92c93e91c93093e-938902915930-91593f93894d92e,बाजरा : संकर किस्म
बाजरा-आधारित-डी-हुलर-मशीन-और-उत्तराखंड-के-ग्रामीण-इलाकों-की-बदली-किस्मत,बाजरा आधारित डी-हुलर मशीन और उत्तराखंड के ग्रामीण इलाकों की बदली किस्मत
92c93e91c93e930-93894291a92893e,बाजार सूचना
बाढ़-प्रतिरोधी-लाल-चावल-किस्म-का-लोकप्रियकरण-तटीय-कर्नाटक-में-सह्याद्रि-पंचमुखी,बाढ़ प्रतिरोधी लाल चावल किस्म का लोकप्रियकरण-तटीय कर्नाटक में सह्याद्रि पंचमुखी
92c93e92f94b92194091c932-91593e-90593593694d92f92e94d92d93e935940-93593f91593294d92a,बायोडीजल का अवश्यम्भावी विकल्प
बायोफ्लोक-का-जलीय-कृषि-में-महत्वपूर्ण-योगदान,बायोफ्लोक का जलीय कृषि में महत्वपूर्ण योगदान
बारानी-कृषि-में-हाइड्रोजैल-का-उपयोग,बारानी कृषि में हाइड्रोजैल का उपयोग
बासमती-एवं-सुगंधित-धान,बासमती एवं सुगंधित धान
92c93e93892e924940-92793e928-92e947902-90690892a94090f92e-915947-92a94d93092f94b917-938947-90692f-92,बासमती धान में आईपीएम के प्रयोग से आय में वृद्धि
बासमती-धान-में-आईपीएम-सफलता-की-कहानी,बासमती धान में आईपीएम-सफलता की कहानी
बासमतीसुगन्धित-धान-की-वैज्ञानिक-खेती,बासमती/सुगन्धित धान की वैज्ञानिक खेती
92c93f92893e-91c94192493e908-91c94093094b-91f93f93294791c-917947939942902-90992494d92a93e926928-9159,बिना जुताई (जीरो टिलेज) गेहूं उत्पादन की उन्नत तकनीक
बिना-जुताई-गेहूँ-की-बुआई---दैनिक-मार्गदर्शिका,बिना जुताई गेहूँ की बुआई - दैनिक मार्गदर्शिका
बिरसा-कृषि-विश्वविद्यालय-एवं-लीलियम-के-फूल,बिरसा कृषि विश्वविद्यालय एवं लीलियम के फूल
बिष्णुपुर-जिले-मणिपुर-में-टमाटर-की-किस्म-अर्का-रक्षक-का-लोकप्रियकरण,"बिष्णुपुर जिले, मणिपुर में टमाटर की किस्म अर्का रक्षक का लोकप्रियकरण"
92c93f93993e930-91594393793f-92f94b91c92893e-915940-92693f93693e-2012-2017,बिहार कृषि योजना
बिहार-के-डेयरी-क्षेत्र-में-अलग-पहचान-बनायीं-है-निरंजन-ने-null-1,बिहार के डेयरी क्षेत्र में अलग पहचान बनायीं है निरंजन ने
बिहार-के-दो-व्यवसायियों-ने-खेती-को-अपनाया_-कर-रहे-है-मिश्रित-खेती-null-1,"बिहार के दो व्यवसायियों ने खेती को अपनाया, कर रहे है मिश्रित खेती"
92c93f93993e930-92e947902-905930939930-915940-916947924940,बिहार में अरहर की खेती
92c93f93993e930-92e947902-91594191594d91594191f-92a93e932928,बिहार में कुक्कुट पालन
92c93f93993e930-92e947902-91a92893e-915940-916947924940,बिहार में चना की खेती
92c93f93993e930-92e947902-91c94c-915940-916947924940,बिहार में जौ की खेती
बिहार-में-बाँस-की-वैज्ञानिक-खेती-व-राष्ट्रीय-बाँस-मिशन-null-1,बिहार में बाँस की वैज्ञानिक खेती व राष्ट्रीय बाँस मिशन
बिहार-में-मक्का-की-खेती,बिहार में मक्का की खेती
92c93f93993e930-92e947902-92e938942930-915940-916947924940,बिहार में मसूर की खेती
92c93f93993e930-92e947902-92e93f93094d91a-915940-916947924940,बिहार में मिर्च की खेती
बिहार-में-मिश्रित-खेती-का-सफल-उदाहरण,बिहार में मिश्रित खेती का सफल उदाहरण
92c93f93993e930-92e947902-93092c940-92b93893294b902-915947-93293f90f-928939940902-93994b917940-92c94,"बिहार में रबी फसलों के लिए नहीं होगी बीज की कमी : डॉ प्रेम कुमार, बिहार कृषि मंत्री"
बिहार-में-राई-की-उन्नत-खेती,बिहार में राई की उन्नत खेती
92c93f93993e930-92e947902-932939938941928-915940-916947924940,बिहार में लहसुन की खेती
92c93f93993e930-92e947902-93594d92f93e93593893e92f93f915-93894d924930-92a930-93994b-91a947930940-915,बिहार में व्यावसायिक स्तर पर हो चेरी की खेती
92c93f93993e930-92e947902-93892c94d91c93f92f94b902-915940-916947924940-915947-93293f90f-90992a92f941,बिहार में सब्जियों की खेती के लिए उपयुक्त क्षेत्र
बिहार-में-सोयाबीन-की-खेती-से-संवर-रही-किसानों-की-जिदंगी,बिहार में सोयाबीन की खेती से संवर रही किसानों की जिदंगी
बिहार-राज्य-कृषि-योजनाएँ,बिहार राज्य कृषि योजनाएँ
92c93f93993e930-91594393793f-92893f92694793693e93292f-92694d93593e93093e-93593094d937-2016-17-92e947,बिहार राज्य कृषि योजनाएँ : 2016-17
बिहार-राज्य-में-आम-की-वैज्ञानिक-खेती,बिहार राज्य में आम की वैज्ञानिक खेती
बिहार-राज्य-में-मृदा-परीक्षण-की-प्रक्रिया,बिहार राज्य में मृदा परीक्षण की प्रक्रिया
बी-ब्रीडर्स-से-बढ़ाया-मधु-उत्पादन,बी-ब्रीडर्स से बढ़ाया मधु उत्पादन
92c94091c,बीज
बीज-उद्यान-मार्गदर्शिका-null-1,बीज उद्यान मार्गदर्शिका
92c94091c94b902-91593e-90992a91a93e930,बीज उपचार
92c94091c-90f935902-93893f90291a93e908,बीज एवं सिंचाई
बीज-का-उत्पादन-कर-बना-ली-अलग-मुकाम-null-1,बीज का उत्पादन कर बना ली अलग मुकाम
92c94091c-91593e-92e93992494d935,बीज का महत्व
बीज-का-महत्व-एवं-उत्पादन,बीज का महत्व एवं उत्पादन
92c94091c-92d90292193e930923,बीज भंडारण
बीज-शोधन-एवं-राइजोबियम-जीवाणु-द्वारा-बीजोपचार,बीज शोधन एवं राइजोबियम जीवाणु द्वारा बीजोपचार
92c94091c-93890291794d930939923-92e93e93094d91792693094d93693f91593e,बीज संग्रहण मार्गदर्शिका
92c94091c94b92a91a93e930-90592793f915-90992494d92a93e926928-915940-90f915-93892b932-924915928940915,बीजोपचार अधिक उत्पादन की एक सफल तकनीक
92c94091f940-91592a93e938-915940-92b938932-92e947902-93892e94791593f924-92893e93694091c940935-92a94d,बीटी कपास की फसल में समेकित नाशीजीव प्रबंधन (आईपीएम) का क्रियान्वयन – सफलता की कहानी
92c94092e93e93093f92f94b902-938947-92c91a93e935,बीमारियों से बचाव
बुंदेलखंड-क्षेत्र-के-हमीरपुर-जिले-में-उद्यमिता-एवं-किसान-की-आय-बढ़ाने-में-सफल-मधुमक्खी-पालन,बुंदेलखंड क्षेत्र के हमीरपुर जिले में उद्यमिता एवं किसान की आय बढ़ाने में सफल मधुमक्खी पालन
92c94192894d926947932916902921-92e947902-91a92893e-90992494d92a93e926928-915940-90992894d928924-9249,बुन्देलखंड में चना उत्पादन की उन्नत तकनीकी
92c942902926-92c942902926-93893f90291a93e908-92a92694d92792493f-90f915-92a93093f91a92f,बूंद-बूंद सिंचाई पद्धति - एक परिचय
92c94792493f92f93e-915947-93893094892f93e-92e947902-92e91b932940-90592d92f93e93092394d92f-92c92893e9,बेतिया के सरैया में मछली अभयारण्य बनाने की तैयारी
92c947930-915940-916947924940,बेर की खेती
92c947930-915940-91794b932940-92c92893e92893e,बेर की गोली बनाना
92c947930-93594d92f93593893e92f93f915-916947924940-935-92a94d93092c902927928,बेर-व्यवसायिक खेती व प्रबंधन
92c947930-93594d92f93e93593893e92f93f915-916947924940-935-92a94d93092c902927928,बेर-व्यावसायिक खेती व प्रबंधन
बेरोजगारों-के-लिए-हरियाणा-सक्षम-योजना,बेरोजगारों के लिए हरियाणा सक्षम योजना
बेल-की-उन्नत-प्रजाति-गोमा-यश,बेल की उन्नत प्रजाति गोमा यश
92c947932-915940-916947924940,बेल की खेती
बेल-की-वैज्ञानिक-खेती,बेल की वैज्ञानिक खेती
92c947939924930-92b93893294b92494d92a93e926928-915947-93293f90f-92f92593e93894d92593e928-92892e940-9,बेहतर फसलोत्पादन के लिए यथास्थान नमी संरक्षण
92c947939924930-93293e92d-915947-93293f90f-93894193894d92593f930-91594393793f-92a92694d92792493f,बेहतर लाभ के लिए सुस्थिर कृषि पद्धति
92c947939924930-93892e94791593f924-92893e93694091c940935-92a94d93092c902927928-915947-93293f90f-9219,बेहतर समेकित नाशीजीव प्रबंधन के लिए डिजिटल उपकरण
बेहद-लाभदायक-व्यवसाय-है-बकरी-पालन,बेहद लाभदायक व्यवसाय है बकरी पालन
92c948902915-915940-91594792894d92694d93094092f-91594d93794792494d93094092f-92f94b91c92893e90f902,बैंक की केन्द्रीय क्षेत्रीय योजनाएं
बैंगन,बैंगन
92c948902917928,बैंगन
बैंगन-एवं-टमाटर,बैंगन एवं टमाटर
बैंगन-का-छोटी-पत्ती-रोग,बैंगन का छोटी पत्ती रोग
92c948902917928-915940-90992894d928924-916947924940,बैंगन की उन्नत खेती
बैंगन-की-वैज्ञानिक-खेती,बैंगन की वैज्ञानिक खेती
92c948902917928-915947-90f915940915943924-91594091f-92a94d93092c902927928-915947-93293f90f-930923928,बैंगन के एकीकृत कीट प्रबंधन के लिए रणनीतियाँ
92c94b91593e93094b-91c93f932947-915940-92e93f91f94d91f940-91593e-93894d93593e93894d92594d92f,बोकारो जिले की मिट्टी का स्वास्थ्य
बोतल-बंद-गन्ने-का-रस,बोतल बंद गन्ने का रस
बोदी-_लत्तीदार_,बोदी (लत्तीदार)
बौछारी-_स्प्रिंकलर_-सिंचाई-विधि,बौछारी (स्प्रिंकलर) सिंचाई विधि
92c94d92f93e928947902-938947-92a94293094d935-90f935902-907938915947-92c93e926-91793e92f94b902-91594b,ब्यानें से पूर्व एवं इसके बाद गायों को क्या खिलाएं
92c94d93093e92f932930-92e94193094d91794092a93e932928-92e947902-92794d92f93e928-926947928947-92f94b91,ब्रायलर मुर्गीपालन में ध्यान देने योग्य बातें
ब्राह्मी,ब्राह्मी
ब्रिमेटो-अभिनव-तकनीक-ग्राफ्टिंग-द्वारा-एक-ही-पौधे-में-बैंगन-और-टमाटर-का-उत्पादन,ब्रिमेटो-अभिनव तकनीक ग्राफ्टिंग द्वारा एक ही पौधे में बैंगन और टमाटर का उत्पादन
ब्रुसेलोसिस-रोग,ब्रुसेलोसिस रोग
ब्रॉयलर-उत्पादन,ब्रॉयलर उत्पादन
ब्रोकोली-की-खेती-से-आर्थिक-एवं-स्वास्थ्य-लाभ,ब्रोकोली की खेती से आर्थिक एवं स्वास्थ्य लाभ
ब्लू-ऑयस्टर-मशरूम-की-खेती,ब्लू ऑयस्टर मशरूम की खेती
92d93e90292193e91793e930923-92893f91792e-90592793f92893f92f92e-1962,भण्डागारण निगम अधिनियम 1962
भदावरी-भैंस_-एक-श्रेष्ठ-घी-उत्पादक-नस्ल,भदावरी भैंस: एक श्रेष्ठ घी उत्पादक नस्ल
92d93593f93794d92f-915940-91693e92694d92f93e92894d928-90692a94293094d92493f-915947-93293f90f-9389029,भविष्य की खाद्यान्न आपूर्ति के लिए संरक्षण खेती आधारित योजना
भाकृअनुप-आईआईएसआर-के-अंतर्गत-केवीके-लखनऊ-ने-सीमांत-किसान-को-मधुमक्खी-पालन-से-करोड़ों-कमाने-के-लिए-सश,"भाकृअनुप-आईआईएसआर के अंतर्गत केवीके, लखनऊ ने सीमांत किसान को मधुमक्खी-पालन से करोड़ों कमाने के लिए सशक्त बनाया"
भाकृअनुप-एनआईएएनपी-द्वारा-मेमनों-में-किफ़ायती-मांस-उत्पादन-के-लिए-दुग्ध-विस्थापक-_तरल-पोषणदूध-देने-वा,भाकृअनुप-एनआईएएनपी द्वारा मेमनों में किफ़ायती मांस उत्पादन के लिए दुग्ध विस्थापक (तरल पोषण/दूध देने वाला) पूरकता का सूत्रपात
92d93e930924-91593e-91594393793f-91c93293593e92f93593f915-93593094d917940915930923,भारत का कृषि जलवायविक वर्गीकरण
innovative-farmers,भारत के अन्य कृषि पोर्टल
92d93e930924-915947-90992494d924930-92a94293094d935940-93093e91c94d92f94b902-92e947902-921947930940-,भारत के उत्तर पूर्वी राज्यों में डेरी विकास की संभावनाएँ
भारत-के-केसर-के-कटोरे-का-पूर्वोत्तर-तक-विस्तार,भारत के केसर के कटोरे का पूर्वोत्तर तक विस्तार
भारत-में-कृषि-विपणन-पर-प्रमुख-सरकारी-योजनाएं,भारत में कृषि विपणन पर प्रमुख सरकारी योजनाएं
भारत-में-खेती-योग्य-मशरूम,भारत में खेती योग्य मशरूम
भारत-में-गंगा-के-पूर्वी-मैदानी-क्षेत्रों-में-धान-की-सीधी-बुआई-हेतु-मार्गदर्शिका-null-1,भारत में गंगा के पूर्वी मैदानी क्षेत्रों में धान की सीधी बुआई हेतु मार्गदर्शिका
92d93e930924-92e947902-92493f93293e92a93f92f93e-915947-90992494d92493092693e92f940-92a93e932928-9159,भारत में तिलापिया के उत्तरदायी पालन के लिए दिशानिर्देश
भारत-में-धार्मिक-तीर्थयात्राओं-के-दौरान-पशुओं-के-कल्याण-और-प्रबंधन-के-लिए-दिशानिर्देश,भारत में धार्मिक तीर्थयात्राओं के दौरान पशुओं के कल्याण और प्रबंधन के लिए दिशानिर्देश
92d93e930924-92e947902-92a93e928-915940-916947924940,भारत में पान की खेती
92d93e930924-92e947902-92a94d93092493f92c90292793f924-90f935902-93594891593294d92a93f915-91594091f92,भारत में प्रतिबंधित एवं वैकल्पिक कीटनाशी एवं फफूंदनाशी दवाएँ
92d93e930924-92e947902-92d94890293894b902-915940-92a94d93092e941916-92893894d932947902,भारत में भैंसों की प्रमुख नस्लें
भारत-में-मशरुम-उत्पादन,भारत में मशरुम उत्पादन
92d93e930924-92e947902-938942916947-938947-93890292c90292793f924-92492594d92f,भारत में सूखे से संबंधित तथ्य
भारतीय-बीज-सहकारी-समिति-लिमिटेड,भारतीय बीज सहकारी समिति लिमिटेड
92d93e93092494092f-93894d91f94791f-92c948902915-915940-92d92394d92193e930923-92f94b91c92893e,भारतीय स्टेट बैंक की भण्डारण योजना
भिंडी_,भिंडी
भिंडी,भिंडी
भिंडी-एवं-कद्दूवर्गीय-सब्जियां,भिंडी एवं कद्दूवर्गीय सब्जियां
भिंडी-की-खेती-बुआई-एवं-खेत-की-तैयारी,भिंडी की खेती-बुआई एवं खेत की तैयारी
92d93f92394d921940,भिण्डी
भिण्डी-की-पौध-तैयारी,भिण्डी की पौध तैयारी
भिण्डी-की-वैज्ञानिक-खेती,भिण्डी की वैज्ञानिक खेती
92d942-91c932-93890293593094d927928-92f94b91c92893e,भू-जल संवर्धन योजना
92d94292e93f-90f935902-91c932-93890293091594d937923,भूमि एवं जल संरक्षण
भूमिगत-कीटों-से-ऐसे-बचाएं-फसल,भूमिगत कीटों से ऐसे बचाएं फसल
sheep-farming,भेड़ पालन
भेड़ों-व-बकरियों-के-भार-में-कैसे-हो-बढ़ोतरी,भेड़ों व बकरियों के भार में कैसे हो बढ़ोतरी
92d947-90f935902-92c915930940-91a94791a915-92a94991594d938,भेड़ एवं बकरी चेचक (पॉक्स)
भैसों-में-सफल-कृत्रिम-वीर्यरोपण-के-लिए-महत्वपूर्ण-सुझाव,भैसों में सफल कृत्रिम वीर्यरोपण के लिए महत्वपूर्ण सुझाव
90992193c926-915940-90992494d92a93e926928-924915928940915-92e-92a94d930-915947-93890292693094d92d-92,म.प्र. में उड़द की उत्पादन तकनीक
मई-माह-की-फसलें,मई माह की फसलें
मई-माह-के-कृषि-कार्य,मई माह के कृषि कार्य
92e908-92e93e939-915947-91594393793f-91593e93094d92f,मई माह के कृषि कार्य
मक्का,मक्का
92e91594d91593e,मक्का
92e91594d91593e-90992894d928924-938902915930-91593f93894d92e,मक्का : उन्नत संकर किस्म
मक्का-फसल-की-बुआई-एवं-देखभाल,मक्का फसल की बुआई एवं देखभाल
मक्का_ज्वार-एवं-बाजरा,"मक्का,ज्वार एवं बाजरा"
92e91594d915940-915940-91c94893593f915-916947924940-938947-93890292c90292793f924-91594393793f-91594d,मक्की की जैविक खेती से संबंधित कृषि क्रियाएं
मक्के-की-खेती,मक्के की खेती
93892693e928902926-93893f902939-928947-92e91594d915947-915940-916947924940-92e947902-928908-92491592,मक्के की खेती में नई तकनीक का प्रयोग
92e91693e92893e-928947-92c926932940-91593f93893e92894b902-915940-924915926940930,मखाना ने बदली किसानों की तकदीर
मखाना-पोपिंग-का-मशीनीकरण,मखाना पोपिंग का मशीनीकरण
मखाने-की-खेती-से-कामयाब-होती-महिलाएँ,मखाने की खेती से कामयाब होती महिलाएँ
मचान-विधि-द्वारा-कद्दूवर्गीय-सब्जियों-से-अधिक-मुनाफा,मचान विधि द्वारा कद्दूवर्गीय सब्जियों से अधिक मुनाफा
मछलियों-का-मूल्य-संवर्धन,मछलियों का मूल्य संवर्धन
92e91b93293f92f94b902-915940-93892b93e908-914930-92e91b93293f92f94b902-91594b-93894c930-90a93094d91c,मछलियों की सफाई और मछलियों को सौर ऊर्जा से सुखाने वाले केंद्रों के लिये दिशा-निर्देश
92e91b93293f92f94b902-915947-90992494d92a93e926928-915947-93293f90f-91693e926-915940-90693593694d92f,मछलियों के उत्पादन के लिए खाद की आवश्यकता
92e91b93293f92f94b902-915947-93094b917-914930-90992a91a93e930,मछलियों में रोग और उपचार
मछलियों-में-होनेवाली-सामान्य-बीमारियाँ-एवं-उपचार,मछलियों में होनेवाली सामान्य बीमारियाँ एवं उपचार
fish-production,मछली उत्पादन
92e91b932940-915947-93693294d915-93991f93e928947-915940-91594d93093f92f93e-91593e-92e936940928940915,मछली के शल्क हटाने की क्रिया का मशीनीकरण
92e91b932940-92a93e93291594b902-915947-93293f90f-92e93992494d93592a94293094d923-92c93f902926941,मछली पालकों के लिए महत्वपूर्ण बिंदु
92e91b932940-92a93e932928-90591594d938930-92a94291b947-91c93e928947-93593e932947-92a94d93093694d928,मछली पालन - अक्सर पूछे जाने वाले प्रश्न
92e91b932940-92a93e932928-915930924940-92e93993f93293e90f902,मछली पालन करती महिलाएं
मछली-पालन-की-विस्तृत-जानकारी,मछली पालन की विस्तृत जानकारी
92e91b932940-92a93e932928-915947-93293f90f-91594191b-90693593694d92f915-92c93e924947902,मछली पालन के लिए कुछ आवश्यक बातें
मछली-पालन-के-लिए-प्रश्नोत्तर-null-1,मछली पालन के लिए प्रश्नोत्तर
मछली-पालन-के-सफल-उदाहरण,मछली पालन के सफल उदाहरण
मछली-पालन-कैसे-करेें,मछली पालन कैसे करेें
92d94092e93093e91c-93093e92f-91593f93893e928-92e91b932940-92a93e932928-92e947902-92c92893e92f940-905,"मछली पालन में बनायी अलग पहचान, मिले कई पुरस्कार"
92e91b932940-92a93e932928-92e947902-93094b91c91793e930-915940-93890292d93e93592893e90f902,मछली पालन में रोजगार की संभावनाएं
92e91b932940-92a93e932928-938947-91794b92a93e93291790291c-915947-93093e91c947936-91594b-92e93f932947,मछली पालन से गोपालगंज के राजेश को मिले कई सम्मान
92e91b932940-92c94091c-938947-91592e93e-930939947-93293e91694b902-93094192a92f947,मछली बीज से कमा रहे लाखों रुपये
92e91b932940-92e93e930928947-93593e932947-92c90292693091793e93994b902-914930-92e91b932940-915940-909,मछली मारने वाले बंदरगाहों और मछली की उतराई वाले केन्द्रों के बुनियादी ढाँचे के लिये दिशा-निर्देश
92e91b932940-93890293893e927928-915940-90992894d928924-93593f92793f,मछली संसाधन की उन्नत विधि
मछली-सह-सिंघाडा-उत्पादन,मछली सह सिंघाडा उत्पादन
92e91b932940-938947-92a94d93093e92a94d924-92e94293294d92f-93890293593094d92793f924-90992494d92a93e92,मछली से प्राप्त मूल्य संवर्धित उत्पाद
मछलीपालन-के-लिए-तालाब-स्थल-का-चयन,मछलीपालन के लिए तालाब स्थल का चयन
मछलीयो-में-होने-वाली-बीमारियाँ,मछलीयो में होने वाली बीमारियाँ
92e91b94193593e-92e93993f93293e-915947-93293f90f-93594891593294d92a93f915-91c94093593f91593e-93593f9,मछुवा महिला के लिए वैकल्पिक जीविका विकल्प
92e91f930,मटर
मटर,मटर
मटर-एवं-पत्ता-गोभी,मटर एवं पत्ता गोभी
मटर-एवं-फ्रेंचबीन,मटर एवं फ्रेंचबीन
92e91f930-915940-90a92894d92894d924-916947924940,मटर की ऊन्न्त खेती
मटर-की-गुणवत्ता-को-बेहतर-बनाएं,मटर की गुणवत्ता को बेहतर बनाएं
92e91f930-915940-91c94893593f915-916947924940-938947-93890292c90292793f924-91594393793f-91594d93093f,मटर की जैविक खेती से संबंधित कृषि क्रियाएं
मटर-के-मुख्य-रोगों-की-रोकथाम,मटर के मुख्य रोगों की रोकथाम
92e91f930-915947-93293f90f-93892e94791593f924-91594091f-92a94d93092c92894d927928-92a94891594791c,मटर के लिए समेकित कीट प्रबन्धन पैकेज
92e921941906,मडुआ
92e921941906-90f935902-93894b92f93e92c940928-91593e-92e94293294d92f-93890293593094d92694d927928,मडुआ एवं सोयाबीन का मूल्य संवर्द्धन
92e921941906-915940-90992894d928924-916947924940-1,मडुआ की उन्नत खेती
fisheries,मत्स्य पालन
मत्स्य-पालन,मत्स्य पालन
92e92494d93894d92f-92a93e932928-90f915-93594d92f93593893e92f,मत्स्य पालन एक व्यवसाय
मत्स्य-पालन-के-अंतर्गेत-पाली-जाने-वाली-मछलियां,मत्स्य पालन के अंतर्गेत पाली जाने वाली मछलियां
92e92494d93894d92f-92a93e932928-915947-91593e93094d92f94b-91593e-93593f93894d924943924-93593f9359309,मत्स्य पालन के कार्यो का विस्तृत विवरण
मत्स्य-पालन-के-कार्यो-का-विस्तृत-विवरण,मत्स्य पालन के कार्यो का विस्तृत विवरण
मत्स्य-पालन-के-लिए-नए-तालाब-का-निर्माण,मत्स्य पालन के लिए नए तालाब का निर्माण
92e92494d93894d92f-92a93e932928-924915928940915,मत्स्य पालन तकनीक
मत्स्य-पालन-में-सहकारिता-का-महत्त्व,मत्स्य पालन में सहकारिता का महत्त्व
92e92494d93894d92f-92a93e932928-93593f92d93e917-92694d93593e93093e-93890291a93e93293f924,मत्स्य पालन विभाग द्वारा संचालित
मत्स्य-पालन-हेतु-मत्स्य-बीज-परिवहन,मत्स्य पालन हेतु मत्स्य बीज परिवहन
मत्स्य-बीज-उत्पादन-_-एक-लाभकारी-व्यवसाय-null-1,मत्स्य बीज उत्पादन : एक लाभकारी व्यवसाय
92e92494d93894d92f-936940924917943939-915940-92e949921932-92f94b91c92893e,मत्स्य शीतगृह की मॉडल योजना
मधु-उत्पादन-के-क्षेत्र-में-बने-ब्रांड-null-1,मधु उत्पादन के क्षेत्र में बने ब्रांड
92e92794192e91594d91693f92f94b902-915947-92893e93691591c940935-92a93092d91594d937940-93094b917-92492,"मधुमक्खियों के नाशकजीव, परभक्षी, रोग तथा उनका प्रभाव"
92e92794192e91594d91694092a93e932928-90992694d92f94b917-92e947902-92c93e92793e913902-91593e-93593f93,मधुमक्खी पालन उद्योग में बाधाओं का विश्लेषण
92e92794192e91594d916940-92a93e932928-915940-93894d92593f92493f-935-93890292d93e93592893e90f902,मधुमक्खी पालन की स्थिति व संभावनाएं
92e92794192e91594d916940-92a93e932928-92894092493f,मधुमक्खी पालन नीति
92e92794192e91594d916940-92a93e932928-928947-92693f92f93e-91c940928947-91593e-93893993e93093e,मधुमक्खी पालन ने दिया जीने का सहारा
92e92794192e91594d91694092a93e932928-92a94d93093693f91594d937923-90f935902-93593f93894d92493e930,मधुमक्खी पालन प्रशिक्षण एवं विस्तार
मधुमक्खी-पालन-फसल-की-बढ़ोतरी-के-साथ-बना-आमदनी-का-साधन,मधुमक्खी पालन फसल की बढ़ोतरी के साथ बना आमदनी का साधन
मधुमक्खी-पालन-बना-आमदनी-का-साधन,मधुमक्खी पालन बना आमदनी का साधन
मधुमक्खी-पालन-बना-आय-का-स्रोत,मधुमक्खी पालन बना आय का स्रोत
मधुमक्खी-पालन-में-जुटीं-महिलाएं,मधुमक्खी पालन में जुटीं महिलाएं
92e92794d92f-92a94d930926947936-915940-91c94893593f915-91594393793f-92894092493f-2011,मध्य प्रदेश की जैविक कृषि नीति 2011
मध्य-भारत-में-एक-विदेशी-खरपतवार-साल्विनिया-मोलेस्टा-का-जैव-वैज्ञानिक-उपचार,मध्य भारत में एक विदेशी खरपतवार साल्विनिया मोलेस्टा का जैव वैज्ञानिक उपचार
मध्यप्रदेश-के-शिवपुर-जिले-के-डंगपुरा-गांव-के-जनजातियों-की-समृद्धि-के-लिए-समुदाय-आधारित-सौर-लिफ्ट-सिं,मध्यप्रदेश के शिवपुर जिले के डंगपुरा गांव के जनजातियों की समृद्धि के लिए समुदाय आधारित सौर लिफ्ट सिंचाई प्रणाली
92e92794d92f92a94d930926947936-91792894d92893e-92893f92f92e,मध्यप्रदेश गन्ना नियम
92e92794d92f92a94d930926947936-92e947902-91c94893593f915-916947924940,मध्यप्रदेश में जैविक खेती
92e92794d92f92a94d930926947936-92e947902-92e92494d93894d92f-92a93e932928-915940-92f94b91c92893e90f90,मध्यप्रदेश में मत्स्य पालन की योजनाएं
92e92794d92f92a94d930926947936-93093e91c94d92f-92e947902-92e91b932940-92a93e932928-938947-91c941940-,मध्यप्रदेश राज्य में मछली पालन से जुड़ी प्रश्नोत्तरी
मनुष्य-का-आहार-एवं-कृषि-अर्थव्यवस्था-में-सब्जियों-का-महत्व,मनुष्य का आहार एवं कृषि अर्थव्यवस्था में सब्जियों का महत्व
मलेरिया-की-दवा-एवं-औषधीय-पौधों-की-खेती,मलेरिया की दवा एवं औषधीय पौधों की खेती
92e93594793693f92f94b902-915940-92893894d932-935-90992891593e-91a94192893e935,मवेशियों की नस्ल व उनका चुनाव
92e93594793693f92f94b902-915947-93293f90f-90693593e938-93894d92593e928-90693593694d92f91592493e90f90,मवेशियों के लिए आवास स्थान आवश्यकताएँ
92e93693094192e-915940-916947924940,मशरुम की खेती
मशरुम-के-औषधीय-गुण,मशरुम के औषधीय गुण
मशरूम-अचार-एवं-नूडल्स,मशरूम अचार एवं नूडल्स
92e93693094292e-90992494d92a93e926928,मशरूम उत्पादन
मशरूम-उत्पादन-की-समस्याएं-एवं-समाधान,मशरूम उत्पादन की समस्याएं एवं समाधान
मशरूम-उत्पादन-से-बढ़ाएं-आमदनी,मशरूम उत्पादन से बढ़ाएं आमदनी
मशरूम-का-प्रबंधन-व-मूल्य-संवर्धन,मशरूम का प्रबंधन व मूल्य संवर्धन
मशरूम-का-महत्व,मशरूम का महत्व
मशरूम-की-खेती,मशरूम की खेती
मशरूम-की-खेती-मशरुम-1,मशरूम की खेती
मशरूम-की-खेती-में-एक-सिविल-इंजीनियर-महिला-उद्यमी,मशरूम की खेती में एक सिविल इंजीनियर-महिला-उद्यमी
मशरूम-की-खेती-से-बदली-जिंदगी,मशरूम की खेती से बदली जिंदगी
मशरूम-की-खेती-उत्तराखंड-की-दून-घाटी-में-आर्थिक-निरंतरता-का-मार्ग,मशरूम की खेती-उत्तराखंड की दून घाटी में आर्थिक निरंतरता का मार्ग
92e93693094292e-92c94091c-90992494d92a93e926928-938947-92e93f932940-93893e92e93e91c93f915-92a93991a9,मशरूम बीज उत्पादन से मिली सामाजिक पहचान
मशरूम-बीज-बनाने-की-प्राचीन-विधियां,मशरूम बीज बनाने की प्राचीन विधियां
92e93693094292e-938947-90692f93e-90693094d92593f915-91c940935928-92e947902-92c92693293e935,मशरूम से आया आर्थिक जीवन में बदलाव
मशरूम-है-एक-स्वास्थ्यवर्धक-आहार,मशरूम है एक स्वास्थ्यवर्धक आहार
92e936940928940915930923-914930-92a94d93094c92694d92f94b91793f915940,मशीनीकरण और प्रौद्योगिकी
मसाला-फसलों-में-समेकित-कीट-प्रबंधन,मसाला फसलों में समेकित कीट प्रबंधन
92e93893e932947-915940-916947924940,मसाले की खेती
मसूर,मसूर
92e938942930-92a94293893e-905917947924940-92e938942930-90992894d928924-91593f93894d92e,मसूर : पूसा अगेती मसूर (उन्नत किस्म)
92e938942930-915940-90992894d928924-92a94d93091c93e92493f92f94b902-91593e-92c94091c-90992494d92a93e9,मसूर की उन्नत प्रजातियों का बीज उत्पादन
मसूर-की-खेती,मसूर की खेती
महाशीर-संवर्धन_,महाशीर संवर्धन
महिला-किसानों-के-लिए-उपयोगी-यंत्र,महिला किसानों के लिए उपयोगी यंत्र
महिला-किसानों-के-लिए-विभिन्न-स्कीमोंमिशनों-के-विशेष-प्रावधान,महिला किसानों के लिए विभिन्न स्कीमों/मिशनों के विशेष प्रावधान
92e93993f93293e90f902-93994b-930939940-90692494d92e92893f93094d92d930,महिलाएं में बढ़ती आत्मनिर्भरता
91594393793f-92e947902-92e93993f93293e913902-915940-92d93e91794092693e930940-92f94b91c92893e-92e93e9,महिलाओं की भागीदारी योजना (मापवा) एवं लाभ
92e93e902938-915947-93293f90f-92a93e932940-91c93e928947-93593e932940-92e94193094d917940-91593e-92693,मांस के लिए पाली जाने वाली मुर्गी का दाना
92e93e902938-92a94d93093890293894d915930923-92a94d93094c92694d92f94b91793f915940,मांस प्रसंस्करण प्रौद्योगिकी
माइक्रोग्रीन्स-है-बायोएक्टिव-कम्पाउंड-का-खजाना,माइक्रोग्रीन्स है बायोएक्टिव कम्पाउंड का खजाना
92e93e90891594d93094b935947935-93894291594d93794d92e-924930902917-92a94d93093890293894d915930923-926,माईक्रोवेव (सूक्ष्म तरंग) प्रसंस्करण द्वारा खाद्य संरक्षण व पनीर की शेल्फ - लाईफ में वृद्धि
92e93e928935-90f935902-92a936941-92a91594d937940-915947-92a93e93092e94d92a93093f915-90793293e91c-92e,मानव एवं पशु-पक्षी के पारम्परिक इलाज में औषधीय पौधों का महत्व
92e93e928935-92a94b937923-92e947902-926942927-915940-92e93992494d92493e,मानव पोषण में दूध की महत्ता
मानव-व-पशु-चलित-यंत्र-भाग-1-null-1,मानव व पशु चलित यंत्र-भाग 1
मानव-व-पशु-चलित-यंत्र-भाग-2-null-1,मानव व पशु चलित यंत्र-भाग 2
असामयिक-पतझड़,मारसोनीना धब्बा रोग /असामयिक पतझड़
92e93e93094091593294d91a930-939947924941-92693f93693e-92893f93094d926947936,मारीकल्चर हेतु दिशा-निर्देश
मार्कर-तकनीक-से-गन्ना-फसल-सुधार,मार्कर तकनीक से गन्ना फसल सुधार
मार्च-माह-एवं-फसलें,मार्च माह एवं फसलें
92e93e93094d91a-92e93e939-915947-91594393793f-91593e93094d92f,मार्च माह के कृषि कार्य
मार्च-माह-के-कृषि-कार्य-,मार्च माह के कृषि कार्य-
92e92494d93894d92f-92a93e932928-939947924941-92e93e93993593e930-91593e93094d92f91594d93092e-92c93094,माहवार कार्यक्रम-बरेली जिला
92e93e93993593e930-91593e93094d92f91594d93092e-92c930947932940-91c93f93293e,माहवार कार्यक्रम-बरेली जिला
मिट्टी-और-पर्यावरण-सुरक्षा-के-साथ-साथ-जैविक-खेती-अधिक-उत्पादन-भी-देती-है।,मिट्टी और पर्यावरण सुरक्षा के साथ-साथ जैविक खेती अधिक उत्पादन भी देती है।
92e93f91f94d91f940-914930-92a94c92794b902-91593e-92a93094091594d937923-92e93992494d935-90f935902-928,मिट्टी और पौधों का परीक्षण महत्व एवं नमूना एकत्रीकरण विधि
मिट्टी-जाँच,मिट्टी जाँच
92e93f91f94d91f940-91c93e90191a-915947-93293f90f-916947924-938947-92e93f91f94d91f940-91593e-93893994,मिट्टी जाँच के लिए खेत से मिट्टी का सही नमूना लेने की विधि
92e93f91f94d91f940-91c93e90191a-92e93992494d935-90f935902-924915928940915,मिट्टी जाँच: महत्व एवं तकनीक
मिट्टी-जाँच_-महत्व-एवं-तकनीक,मिट्टी जाँच: महत्व एवं तकनीक
92e93f91f94d200c91f940-93894d93593e93894d92594d92f-90f935902-93890293091594d937923,मिट्टी स्वास्थ्य एवं संरक्षण
92e93f91f94d91f940-93894d93593e93894d92594d92f-90f935902-93893090291594d937923-935-90993094d93593091,मिट्टी स्वास्थ्य एवं सरंक्षण व उर्वरक
92e93f91f94d91f940-93894d93593e93894d92594d92f-92e93f91f94d91f940-93890293091594d937923-90f935902-90,"मिट्टी-स्वास्थ्य, मिट्टी संरक्षण एवं उर्वरक"
92e93f92894091594b92f-92694d93594092a-92e947902-92b93294b902-914930-93892c94d91c93f92f94b902-915940-,मिनीकोय द्वीप में फलों और सब्जियों की उपलब्धता बढ़ी
मिर्च-की-आधुनिक-खेती,मिर्च की आधुनिक खेती
92e93f93094d91a-915940-916947924940,मिर्च की खेती
मिर्च-की-खेती,मिर्च की खेती
मिर्च-की-नई-किस्मों-से-बढ़ेगी-किसानों-की-आमदनी,मिर्च की नई किस्मों से बढ़ेगी किसानों की आमदनी
मिर्च-व-शिमला-मिर्च-null-1,मिर्च व शिमला मिर्च
92e93f93694d93093f924-916947924940-915930-92493f93291592793e930940-92a94d93093893e926-928947-92c9289,मिश्रित खेती कर तिलकधारी प्रसाद ने बनायी पहचान
मिश्रित-खेती-कर-राजेंद्र-व-सोनमंती-ने-बनायी-पहचान-null-1,मिश्रित खेती कर राजेंद्र व सोनमंती ने बनायी पहचान
मिश्रित-मछली-पालन-संस्कृति,मिश्रित मछली पालन संस्कृति
मिश्रित-मत्स्य-पालन,मिश्रित मत्स्य पालन
मिश्रित-मत्स्य-पालन-_-विधि,मिश्रित मत्स्य पालन : विधि
मीठा-जल-मछली-चिताला-चिताला-का-पालन,मीठा जल मछली चिताला-चिताला का पालन
92e94092093e-92a93e928940-93894092a93f92f94b902-915947-92c93994192e941916940-90992a92f94b917,मीठा पानी सीपियों के बहुमुखी उपयोग
मीठी-क्रांति,मीठी क्रांति
मीठे-पानी-में-झींगा-पालन,मीठे पानी में झींगा पालन
मीठे-फल_-कड़ी-मेहनत-और-मीठा-होता-जीवन,"मीठे फल, कड़ी मेहनत और मीठा होता जीवन"
92e94190291c93e-91893e938-915947-93593f92d93f92894d928-90992494d92a93e926964,मुंजा घास के विभिन्न उत्पाद
92e94191694d92f-92a93091c940935940-93094b917-90f935902-909928915947-90992a91a93e930,मुख्य परजीवी रोग एवं उनके उपचार
92e94191694d92f92e90292494d930940-915943937915-93892e94392694d92793f-92f94b91c92893e,मुख्यमंत्री कृषक समृद्धि योजना
मुख्यमंत्री-जन-वन-योजना,मुख्यमंत्री जन वन योजना
92e94191694d92f92e90292494d930940-92d93e93593e92894d924930-92d94191792493e928-92f94b91c92893e,मुख्यमंत्री भावान्तर भुगतान योजना
92e94192893e92b947-915940-93093e939-92a930-932947-91c93e92f947-92194792f930940-90992694d92f94b917,मुनाफे की राह पर ले जाये डेयरी उद्योग
92e94193094d91793f92f94b902-91594b-91693f93293e928947-915947-93293f90f-92693e92893e-92e93f93694d9309,मुर्गियों को खिलाने के लिए दाना-मिश्रण
92e94193094d91793f92f94b902-92e947902-91692893f91c-90f935902-93593f91f93e92e93f928-915940-91592e940-,मुर्गियों में खनिज एवं विटामिन की कमी से होने वाले रोग
poultry,मुर्गी पालन (पोल्ट्री)
मुर्गी-पालन-करती-महिलाएं-null-1,मुर्गी पालन करती महिलाएं
92e94193094d91794092a93e932928-915947-91c93093f92f947-906-93093993e-92c92693293e935,मुर्गीपालन के जरिये आ रहा बदलाव
मूंग,मूंग
मूंग-उत्पादन-से-सफलता-की-सीढ़ी-चढ़-रहे-गढ़वा-के-कृषक,मूंग उत्पादन से सफलता की सीढ़ी चढ़ रहे गढ़वा के कृषक
92e942902917-90f935902-909926-915947-91594091f94b902-914930-92a93e92692a-93094b91794b902-915940-91c9,मूंग एवं उड़द के कीटों और पादप रोगों की जानकारी
92e942902917-915940-916947924940-90992894d92893e935-915947-93890292693094d92d-92e947902,मूंग की खेती-उन्नाव के संदर्भ में
मूंग-की-जैविक-खेती-गोरखपुर-संदर्भ,मूंग की जैविक खेती-गोरखपुर संदर्भ
92e942902917-915940-93293e92d91593e930940-916947924940,मूंग की लाभकारी खेती
मूंग-उड़द-और-लोबिया-के-प्रमुख-कीट-एवं-उनकी-रोकथाम,"मूंग, उड़द और लोबिया के प्रमुख कीट एवं उनकी रोकथाम"
मूंगफली,मूंगफली
मूंगफली-null-2,मूंगफली
मूंगफली-की-उन्नत-खेती,मूंगफली की उन्नत खेती
92e94290291792b932940-915940-92b938932-92e947902-93892e94791593f924-92893e936940-91c940935-92a94d930,मूंगफली की फसल में समेकित नाशी जीव प्रबंधन (आईपीएम)
मूंगफली-फसल-उत्पादन-तकनीक,मूंगफली फसल उत्पादन तकनीक
92e94290291792b932940-92e947902-93892e94791593f924-92893e93694091c940935-92a94d93092c902927928,मूंगफली में समेकित नाशीजीव प्रबंधन
मूंगफली_-तिल-और-सूरजमुखी-की-बुआई-एवं-देखभाल,"मूंगफली, तिल और सूरजमुखी की बुआई एवं देखभाल"
मूंगफली_-साेयाबीन-एवं-सूरजमुखी,"मूंगफली, साेयाबीन एवं सूरजमुखी"
मूलवर्गीय-सब्जियाँ,मूलवर्गीय सब्जियाँ
92e942932940-90992494d92a93e926928-924915928940915,मूली उत्पादन तकनीक
मूली-व-शलगम-null-1,मूली व शलगम
92e94293294d92f-93890293593094d927928-90992a915930923,मूल्य संवर्धन उपकरण
मूल्यवर्धित-पेय-उत्पाद,मूल्यवर्धित-पेय उत्पाद
92e943917932,मृगल
92e94392693e-90592a930926928-91591f93e935-91593e930923-92a94d93091593e930-90f935902-93094b91592593e9,"मृदा अपरदन(कटाव) कारण, प्रकार एवं रोकथाम के उपाय"
मृदा-और-जल-संरक्षण-हेतु-वानस्पतिक-अवरोध-null-1,मृदा और जल संरक्षण हेतु वानस्पतिक अवरोध
92e94392693e-915940-91891f924940-90993094d93593092493e-92e947902-91f93f91593e90a-916947924940-915947,मृदा की घटती उर्वरता में टिकाऊ खेती के लिये उपाय
92e94392693e-91c93292e91794d92892493e-201393892e93894d92f93e-90f935902-93892e93e92793e928,मृदा जलमग्नता–समस्या एवं समाधान
मृदा-परीक्षण-एवं-हरी-खाद,मृदा परीक्षण एवं हरी खाद
92e94392693e-92a93094091594d937923-914930-92e94392693e-93894d93593e93894d92594d92f-92a92494d930915,मृदा परीक्षण और मृदा स्वास्थ्य पत्रक
मृदा-माइक्रोबायोम-कृषि-उत्पादकता-को-आकार-देने-वाली-एक-अदृश्य-दुनिया,मृदा माइक्रोबायोम: कृषि उत्पादकता को आकार देने वाली एक अदृश्य दुनिया
मृदा-में-पोषक-तत्व-प्रबंधन-हेतु-देशी-तकनीकी,मृदा में पोषक तत्व प्रबंधन हेतु देशी तकनीकी
मृदा-में-पोषक-तत्वों-की-कमी-के-लक्षण-एवं-आपूर्ति,मृदा में पोषक तत्वों की कमी के लक्षण एवं आपूर्ति
मृदा-में-पोषक-तत्वों-की-कमी-के-लक्षण-एवं-आपूर्ति-92e94392693e-93894d93593e93894d92594d92f-2,मृदा में पोषक तत्वों की कमी के लक्षण एवं आपूर्ति
92e94392693e-93894192793e930-915947-91594d93794792494d930-92e947902-92894892894b-92a94d93094c92694d9,मृदा सुधार के क्षेत्र में नैनो प्रौद्योगिकी का महत्व
92e94392693e-93894293094d92f940915930923,मृदा सूर्यीकरण
92e94392693e-938947939924-91593e93094d921,मृदा सेहत कार्ड
92e94392693e-93894d93593e93894d92594d92f-90f935902-92a93094091594d937923-91593e93094d92f91594d93092e,मृदा स्वास्थ्य एवं परीक्षण कार्यक्रम
92e94392693e-93894d93593e93894d92594d92f-91593e93094d921-92d94292e93f-93890293091594d937923-90f93590,"मृदा स्वास्थ्य कार्ड, भूमि संरक्षण एवं सूक्ष्म पोषक तत्व"
92e94392693e-93894d93593e93894d92594d92f-92a94d93092c902927928,मृदा स्वास्थ्य प्रबंधन
92e94392693e-93894d93593e93894d92594d92f-92e94392693e-93890293091594d937923-90f935902-90993094d93593,"मृदा स्वास्थ्य, मृदा संरक्षण एवं उर्वरक"
मेंथा,मेंथा
मेंथा-की-खेती,मेंथा की खेती
92e947939928924-92c928940-92891c940930-92c926932940-916941926-915940-924915926940930,मेहनत बनी नजीर बदली खुद की तकदीर
92e949921932-91191f94b92e94791f93f915-926942927-93890291794d930939923-91594790292694d930-92f94b91c92,मॉडल ऑटोमेटिक दूध संग्रहण केंद्र योजना
मोटर-संचालित-क्रॉप-कटर-द्वारा-गेहूं-की-कटाई,मोटर संचालित क्रॉप कटर द्वारा गेहूं की कटाई
92e94b91f947-90592893e91c94b902-938947-90692f-92c94b924930940-915940-93890292d93e93592893e90f902,मोटे अनाजों से आय बढ़ोतरी की संभावनाएं
92e94b920-915940-90992894d928924-916947924940,मोठ की उन्नत खेती
मोती-की-खेती-है-लाभकारी,मोती की खेती है लाभकारी
मोल्डी-कोर_-कोर-रॉट-रोग-एवं-लायकन,"मोल्डी कोर, कोर रॉट रोग एवं लायकन"
मौसम-खेती-परामर्श-सेवा,मौसम खेती परामर्श सेवा
मौसमी-फूल,मौसमी फूल
92e94c93892e940-92b94293294b902-91593e-92c94091c-90992494d92a93e926928,मौसमी फूलों का बीज उत्पादन
मौसमी-फूलों-की-खेती,मौसमी फूलों की खेती
92f90292494d930940915943924-92793e928-93094b92a93e908-938947-91593f93893e92894b902-915940-90692f-92e,यंत्रीकृत धान रोपाई से किसानों की आय में इजाफा
92f93e90292494d93093f915940-93593f92793f-92694d93593e93093e-91693092a92493593e930-92893f92f90292494d,यांत्रिकी विधि द्वारा खरपतवार नियंत्रण
युजुलाइमक्वेट-एवं-टेंजोर,"युजु,लाइमक्वेट एवं टेंजोर"
युवा-उद्यमी-हेनरी-सिंगुरा-द्वारा-मशरूम-की-खेती-एक-सफल-व्यावसायिक-उद्यम-के-रूप-में-विकसित,युवा उद्यमी हेनरी सिंगुरा द्वारा मशरूम की खेती एक सफल व्यावसायिक उद्यम के रूप में विकसित
युवाओं-ने-कोविड-19-लॉकडाउन-के-दौरान-ककड़ी-की-किस्म-आलमगीर-_-180-की-खेती-को-अपनाया,युवाओं ने कोविड-19 लॉकडाउन के दौरान ककड़ी की किस्म-आलमगीर – 180 की खेती को अपनाया
रंगीन-मछलियों-का-पालन-एवं-एक्वेरियम-निर्माण,रंगीन मछलियों का पालन एवं एक्वेरियम निर्माण
रंगीन-मछली-पालन-के-लिए-एक्वेरियम-बनाएं,रंगीन मछली पालन के लिए एक्वेरियम बनाएं
रंगीन-शिमला-मिर्च-की-खेती,रंगीन शिमला मिर्च की खेती
रंचू,रंचू
93091894192893e925-928947-916947924940-938947-92c926932940-91c93f902926917940,रघुनाथ ने खेती से बदली जिंदगी
रजनी-श्वेता-ने-मधुमक्खी-पालन-कर-बनायी-अलग-पहचान,रजनी श्वेता ने मधुमक्खी पालन कर बनायी अलग पहचान
93091c92894091790292793e,रजनीगंधा
93091c92894091790292793e-92b942932-915940-93594891c94d91e93e92893f915-916947924940,रजनीगंधा फूल की वैज्ञानिक खेती
93091c92894091792894d92793e-915940-93594891c94d91e93e92893f915-916947924940,रजनीगन्धा की वैज्ञानिक खेती
रजनीगन्धा-में-आनुवंशिक-विविधता,रजनीगन्धा में आनुवंशिक विविधता
रतनजोत-_जेट्रोफा-करकास_-की-खेती,रतनजोत (जेट्रोफा करकास) की खेती
93092c940-915940-924947932939928940-92b938932947902-1,रबी की तेलहनी फसलें
93092c940-915940-926932939928940-92b938932947902,रबी की दलहनी फसलें
रबी-के-मौसम-में-ऊसर-सुधार-कार्यक्रम,रबी के मौसम में ऊसर सुधार कार्यक्रम
रबी-प्याज-की-उन्नत-खेती,रबी प्याज की उन्नत खेती
रबी-फसलों-की-कटाई-गहाई-और-सुरक्षित-भंडारण,रबी फसलों की कटाई-गहाई और सुरक्षित भंडारण
रबी-शाकभाजी-एवं-मसाला-फसलों-के-प्रभावी-बिन्दु,रबी शाकभाजी एवं मसाला फसलों के प्रभावी बिन्दु
रबी-हेतु-उपयोगी-कृषि-यंत्र,रबी हेतु उपयोगी कृषि यंत्र
93093e90191a940-91c93f932947-915940-92e93f91f94d91f940-91593e-93894d93593e93894d92594d92f,राँची जिले की मिट्टी का स्वास्थ्य
93093e90792c94b92b93294793593f928-92893e92e915-93593f91f93e92e93f928-91593e-90992494d92a93e926928-91,राइबोफलेविन नामक विटामिन का उत्पादन करने वाले लैक्टोबैसिलाई की पहचान
राई-एवं-सरसों-की-उन्नतशील-खेती-उत्तरप्रदेश-के-संदर्भ-में,राई एवं सरसों की उन्नतशील खेती-उत्तरप्रदेश के संदर्भ में
राई-और-सरसों,राई और सरसों
93093e908-915940-90992894d928924-916947924940,राई की उन्नत खेती
राई-सरसाेअलसी-और-सूरजमुखी,"राई-सरसाे,अलसी और सूरजमुखी"
राई-सरसों-और-सूरजमुखी,राई-सरसों और सूरजमुखी
93093e908-93893093894b902-915940-916947924940,राई-सरसों की खेती
93093e908-93893093894b902-92e947902-91693092a92493593e930-92a94d93092c902927928,राई-सरसों में खरपतवार प्रबंधन
राई-सरसों-अलसी-एवं-सूरजमुखी-सरसों,"राई-सरसों, अलसी एवं सूरजमुखी सरसों"
राई-सरसों-अलसी-और-सूरजमुखी,"राई-सरसों, अलसी और सूरजमुखी"
लाही-और-अलसी,"राई-सरसों, तोरिया/लाही और अलसी"
राजमा,राजमा
93093e91c93894d92593e928-93093e91c94d92f-93893991593e930940-92d94292e93f-93593f91593e938-92c94890291,राजस्थान राज्य सहकारी भूमि विकास बैंक लि0 की कृषि ऋण योजना
93093e91c94d92f-915940-92e93f91f94d91f940-91593e-92892e94292893e-932947928947-915947-90992694d926947,राज्य की मिट्टी का नमूना लेने के उद्देश्य
agriculture-institutions,राज्य कृषि विभाग
93093e91c94d92f-92e947902-91693094092b-92793e92894d200d92f-92b93893294b902-939947924941-92a94d93092e,राज्य में खरीफ धान्य फसलों हेतु प्रमुख जानकारी
राज्य-में-तिलहनी-फसलों-हेतु-प्रमुख-जानकारी-null-1,राज्य में तिलहनी फसलों हेतु प्रमुख जानकारी
93093e91c94d92f-92e947902-926932939928940-92b93893294b902-939947924941-92a94d93092e941916-91c93e9289,राज्य में दलहनी फसलों की प्रमुख जानकारी
राज्य-में-रबी-धान्_य-फसलों-हेतु-प्रमुख-जानकारी,राज्य में रबी धान्य फसलों हेतु प्रमुख जानकारी
93093e920940-91793e92f-93093e920940-92893894d932-93593f91593e938-92a93093f92f94b91c92893e,राठी गाय - राठी नस्ल विकास परियोजना
राम-दाने-की-खेती,राम दाने की खेती
रामतिल-की-उन्नत-कृषि-तकनीकी,रामतिल की उन्नत कृषि तकनीकी
रामतिल-की-पोषण-गुणवत्ता,रामतिल की पोषण गुणवत्ता
राष्ट्रीय-कीट-निगरानी-प्रणाली,राष्ट्रीय कीट निगरानी प्रणाली
agri-insurance,राष्ट्रीय कृषि बीमा योजना
93093e93794d91f94d93094092f-91594393793f-93593f91593e938-92f94b91c92893e,राष्ट्रीय कृषि विकास योजना
93093e93794d91f94d93094092f-91693e92694d92f-93894193091594d93793e-92e93f936928-92f94b91c92893e-90592,राष्ट्रीय खाद्य सुरक्षा मिशन योजना अन्तर्गत किसानों को अनुदान पर दी जाने वाली सुविधाएँ
राष्ट्रीय-खाद्य-सुरक्षा-मिशन-योजना-ने-दुमका-के-किसान-का-बदला-जीवन,राष्ट्रीय खाद्य सुरक्षा मिशन योजना ने दुमका के किसान का बदला जीवन
राष्ट्रीय-जैविक-खेती-परियोजना,राष्ट्रीय जैविक खेती परियोजना
राष्ट्रीय-जैविक-खेती-परियोजना-के-अधीन-प्रमुख-उपलब्धियों-का-प्रभाव,राष्ट्रीय जैविक खेती परियोजना के अधीन प्रमुख उपलब्धियों का प्रभाव
93093e93794d91f94d93094092f-92194792f930940-92f94b91c92893e,राष्ट्रीय डेयरी योजना
93093e93794d91f94d93094092f-92a936941927928-92e93f936928-90f92890f93290f92e,राष्ट्रीय पशुधन मिशन (एनएलएम)
93093e93794d91f94d93094092f-92d94292e93f-90592d93f932947916-90692794192893f915940915930923-91593e930,राष्ट्रीय भूमि अभिलेख आधुनिकीकरण कार्यक्रम (एनएलआरएमपी) के अंतर्गत राज्यों/संघ राज्यों क्षेत्र संबंधी दिशा-निर्देश
krishi-vigyan-kendras,राष्ट्रीय व अंतर्राष्ट्रीय कृषि संस्थान
93093e93794d91f94d93094092f-93890292a94b93792394092f-91594393793f-92e93f936928,राष्ट्रीय संपोषणीय कृषि मिशन
93093e93794d91f94d93094092f-938924924-91594393793f-92e93f936928-90f92890f92e90f93890f,राष्ट्रीय सतत कृषि मिशन (एनएमएसए)
93093e93794d91f94d93094092f-93892e94192694d930940-92e93e92494d93894d92f93f915940-92894092493f-2017-9,"राष्ट्रीय समुद्री मात्स्यिकी नीति, 2017 (एन.पी.एम.एफ.2017)"
national-international-organisations,राष्ट्रीय/अंतर्राष्ट्रीय संस्थान
रिंग-पिट-विधि,रिंग-पिट विधि
93093f924947936-928947-916947924940-915930-92c92893e92f93e-92a93991a93e928,रितेश ने खेती कर बनाई पहचान
रियरिंग-तालाब-का-प्रबंधन,रियरिंग तालाब का प्रबंधन
93094792892c94b-91f94d93093e90991f-938947-92a94d93093e92a94d924-92e94293294d92f-93890293593094d92793,रेनबो ट्राउट से प्राप्त उत्पाद
रेन्बो-ट्राउट-मत्स्य-पालन,रेन्बो ट्राउट मत्स्य पालन
रेन्बो-ट्राउट-से-बढ़ती-आय,रेन्बो ट्राउट से बढ़ती आय
93094792c94091c-91594d92f93e-939948,रेबीज क्या है?
93094793692e-90992694d92f94b917-92f93e-93894793094091593294d91a930,रेशम उद्योग या सेरीकल्चर
93094793692e-92e947902-92a93e92f940-91c93e928947-93593e932940-92c94092e93e93093f92f93e901-90f935902-,रेशम में पायी जाने वाली बीमारियाँ एवं रोकथाम
रोकें-राई-सरसों-के-रोगों-को,रोकें राई-सरसों के रोगों को
रोगों-से-कैसे-बचाएं-गन्ने-की-फसल-को,रोगों से कैसे बचाएं गन्ने की फसल को
रोजगार-देगा-परंपरागत-प्रसंस्करण-सुखाना,रोजगार देगा परंपरागत प्रसंस्करण सुखाना
रोशा-घास-की-खेती-है-कमाई-का-जरिया,रोशा घास की खेती है कमाई का जरिया
रोहतास-जिले-का-राजपुर-बना-टमाटर-उत्पादन-का-हब,रोहतास जिले का राजपुर बना टमाटर उत्पादन का हब
93094b939942,रोहू
लक्षण-एवं-कारण,लक्षण एवं कारण
लतरवाली-सब्जियाँ,लतरवाली सब्जियाँ
लत्तरवाली-सब्जियों-की-वैज्ञानिक-खेती,लत्तरवाली सब्जियों की वैज्ञानिक खेती
लत्तेदार-सब्जियां-null-1,लत्तेदार सब्जियां
लहसुन,लहसुन
932939938941928-90992494d92a93e926928-92e-92a94d930-915947-93890292693094d92d-92e947902,लहसुन उत्पादन-म.प्र. के संदर्भ में
लहसुन-एवं-धनिया,लहसुन एवं धनिया
932939938941928-91593e-91591f93e908-90992a93093e92894d924-93890293091594d937923-90f935902-92e9429329,लहसुन का कटाई उपरान्त संरक्षण एवं मूल्य संवर्धन
लहसुन-की-उन्नत-खेती,लहसुन की उन्नत खेती
लहसुन-की-वैज्ञानिक-खेती,लहसुन की वैज्ञानिक खेती
लहसुन-की-वैज्ञानिक-खेती-92c93f93993e930-92e947902-92e93893e93294b902-915940-916947924940-1,लहसुन की वैज्ञानिक खेती
लाख-की-वैज्ञानिक-खेती,लाख की वैज्ञानिक खेती
93293e92494793993e930-91c93f932947-915940-92e93f91f94d91f940-91593e-93894d93593e93894d92594d92f,लातेहार जिले की मिट्टी का स्वास्थ्य
लाभ-ही-लाभ,लाभ ही लाभ
लाभकारी-व्यवसाय-है-करी-पत्ता-की-खेती,लाभकारी व्यवसाय है करी पत्ता की खेती
लाल-कंदीय-आलू-की-नवीनतम-उन्नत-किस्में,लाल कंदीय आलू की नवीनतम उन्नत किस्में
लाल-सड़न-राेग,लाल सड़न राेग
लाल-सड़न-रोग_,लाल सड़न रोग
लाही-राई-और-सरसों,"लाही, राई और सरसों"
लिफ्ट-सिंचाई-से-कमाई-ही-कमाई,लिफ्ट सिंचाई से कमाई ही कमाई
लीची-की-उत्तम-बागवानी-क्रियाएं-स्थापित-लीची-बाग-के-माहवार-कार्यक्रम,लीची की उत्तम बागवानी क्रियाएं स्थापित लीची बाग के माहवार कार्यक्रम
लीची-की-उत्तम-बागवानी-क्रियाएं-स्थापित-लीची-बाग-के-माहवार-कार्यक्रम-लीची-की-खेती-1,लीची की उत्तम बागवानी क्रियाएं स्थापित लीची बाग के माहवार कार्यक्रम
93294091a940-915940-916947924940,लीची की खेती
93294091a940-915940-916947924940-93892b93292493e-915940-91593993e928940,लीची की खेती-सफलता की कहानी
लीची-की-वैज्ञानिक-खेती,लीची की वैज्ञानिक खेती
लीची-के-प्रमुख-रोग-और-उनका-प्रबंधन,लीची के प्रमुख रोग और उनका प्रबंधन
लीची-को-नाशीकीटों-और-रोगों-से-बचाएँ,लीची को नाशीकीटों और रोगों से बचाएँ
लीची-फल-एवं-टहनी-बेधक-कीट-का-प्रबंधन,लीची फल एवं टहनी बेधक कीट का प्रबंधन
लीची-में-एकीकृत-छिड़काव-हिमाचल-के-संदर्भ-में,लीची में एकीकृत छिड़काव-हिमाचल के संदर्भ में
लें-संतरे-की-भरपूर-बहार,लें संतरे की भरपूर बहार
93294790291f93e92893e-91593e-93594891c94d91e93e92893f915-93593f92793f-92694d93593e93093e-92893f92f90,लेंटाना का वैज्ञानिक विधि द्वारा नियंत्रण
लेमनग्रास-की-वैज्ञानिक-खेती,लेमनग्रास की वैज्ञानिक खेती
लेह_लद्दाख-के-ठंडे-मरुस्थलीय-क्षेत्र-में-लेह-बेरी-_सीबकथोर्न_-पौधा-द्वारा-भूमि-उपयोग,लेह–लद्दाख के ठंडे मरुस्थलीय क्षेत्र में लेह-बेरी (सीबकथोर्न) पौधा द्वारा भूमि उपयोग
लोगनबेरी,लोगनबेरी
लोबिया,लोबिया
लोबिया-null-1,लोबिया
लोबिया-का-उत्पादन-एवं-प्रबंधन,लोबिया का उत्पादन एवं प्रबंधन
93294b93993092691793e-91c93f932947-915940-92e93f91f94d91f940-91593e-93894d93593e93894d92594d92f,लोहरदगा जिले की मिट्टी का स्वास्थ्य
वनोत्पाद-उपयोग,वनोत्पाद उपयोग
वन्यप्राणी-प्रबन्धन,वन्यप्राणी प्रबन्धन
93593094d92492e93e928-91594393793f-92e947902-90f915940915943924-91594393793f-92a94d93092393e932940-9,वर्तमान कृषि में एकीकृत कृषि प्रणाली: आवश्यकता एवं महत्व
93593094d92e940-91592e94d92a94b93894d91f-91594790291a941906-91693e926-91593e-91793e90193594b902-92e9,वर्मी कम्पोस्ट (केंचुआ खाद) का गाँवों में उत्पादन
93593094d92e940-91592e94d92a94b93894d91f-90992494d92a93e926928-90791593e908,वर्मी कम्पोस्ट उत्पादन इकाई
93593094d92e940-91592e94d92a94b93894d91f-91593e-91793e90293594b902-92e947902-90992494d92a92693e928,वर्मी कम्पोस्ट का गाँवों में उत्पादन
93593094d92e94091592e94d92a94b93894d91f-92c92893e928947-915940-93593f92793f92f93e901,वर्मीकम्पोस्ट बनाने की विधियाँ
वर्मीकम्पोस्ट-है-खेती-के-लिए-काला-सोना,वर्मीकम्पोस्ट है खेती के लिए काला सोना
वर्मीकम्पोस्ट-है-जैविक-खेती-का-मुख्य-आधार,वर्मीकम्पोस्ट है जैविक खेती का मुख्य आधार
93593094d937-2014-92e947902-91593f93893e92894b902-915947-93293f90f-92d93e930924-93893091593e930-9159,वर्ष 2014 में किसानों के लिए भारत सरकार की योजनाओं तथा कार्यक्रमों की हस्तपुस्तिका
93593094d937-2018-2019-915947-92a94d93092e941916-91693094092b-92b93893294b902-915947-90992494d92a93e,वर्ष 2018-2019 के प्रमुख खरीफ फसलों के उत्पादन के प्रथम अग्रिम अनुमान की जानकारी
वर्ष-भर-करें-सूर्यमुखी-की-उन्नत-खेती,वर्ष भर करें सूर्यमुखी की उन्नत खेती
93593094d93793e-90692793e93093f924-91594393793f-92e947902-90692f-92c93e928947-93593e932940-924915928,वर्षा आधारित कृषि में आय बढ़ाने वाली तकनीकें
93593094d93793e-90692793e93093f924-916947924940-915940-90992894d928924-924915928940915,वर्षा आधारित खेती की उन्नत तकनीक
वर्षा-जल-प्रबंध-द्वारा-फलों-की-खेती,वर्षा जल प्रबंध द्वारा फलों की खेती
वर्षा-जल-संचयन-और-संरक्षण-के-विविध-आयाम,वर्षा जल संचयन और संरक्षण के विविध आयाम
93593e91f93f91593e-91594393793f-92e947902-92e94293294d92f93890293593094d927928-914930-91f94791594d92,वाटिका - कृषि में मूल्यसंवर्धन और टेक्नोलौजी इन्क्यूबेशन सेंटर
वानिकी,वानिकी
वायरस-या-विषाणु-रोग-एवं-सेब-में-फसल-तुड़ाई-के-बाद-के-रोग,वायरस या विषाणु रोग एवं सेब में फसल तुड़ाई के बाद के रोग
वायु-दाब-से-तैयार-करें-अमरूद-के-पौधे,वायु दाब से तैयार करें अमरूद के पौधे
वायुश्वासी-मछलियों-_मांगुर_गरई-आदि_-का-पालन,"वायुश्वासी मछलियों (मांगुर,गरई आदि) का पालन"
विकसित-तकनीक-व-उच्च-गति-द्वारा-रेशों-का-गुणवत्ता-मूल्यांकन,विकसित तकनीक व उच्च गति द्वारा रेशों का गुणवत्ता मूल्यांकन
विकसित-भारत-जी-राम-जी-अधिनियम-2025,विकसित भारत-जी राम जी अधिनियम 2025
विक्रय-के-अन्य-विकल्प,विक्रय के अन्य विकल्प
विदेशी-सब्जियाँ,विदेशी सब्जियाँ
विदेशी-सब्जियों-की-वैज्ञानिक-खेती,विदेशी सब्जियों की वैज्ञानिक खेती
विपणन-तथा-मधुमक्खी-पालन-का-अर्थशास्त्र,विपणन तथा मधुमक्खी पालन का अर्थशास्त्र
93593f92d93f92894d928-92a93093f92694393694d92f94b902-92e947902-92b93893294b902-91593e-92a94d93092c90,विभिन्न परिदृश्यों में फसलों का प्रबंधन
93593f92d93f92894d928-92a94d93091593e930-915947-92e93e92693e-92a936941913902-915947-92a94d93091c9289,विभिन्न प्रकार के मादा पशुओं के प्रजनन से सम्बद्ध जानकारी
93593f92d93f92894d928-92b93893294b902-915947-91594091f-91594d93792493f-915947-93291594d937923-90f935,विभिन्न फसलों के कीट क्षति के लक्षण एवं उनके रोकथाम के उपाय
93593f92d93f92894d928-92b93893294b902-915947-92e94191694d92f-93094b917-93291594d937923-90f935902-92a,"विभिन्न फसलों के मुख्य रोग, लक्षण एवं प्रबंधन"
विभिन्न-फसलों-के-लिए-पोस्ट-हार्वेस्ट-_कटाई-उपरांत_-प्रबंधन-और-तकनीकें,विभिन्न फसलों के लिए पोस्ट-हार्वेस्ट (कटाई उपरांत) प्रबंधन और तकनीकें
93593f93693f93794d91f-91593f93893e92894b90292a92f94b917940-92a94d93094b92694d92f94b91793f91593f92f93,विशिष्ट किसानोंपयोगी प्रोद्योगिकियाँ
93593f93694d935-92e947902-92a93f90291c93093e-92a93e932928-2013-90f915-92a93093f92694393694d92f,विश्व में पिंजरा पालन – एक परिदृश्य
93593f937-93593f91c94d91e93e928-93892e94d92c92894d927940-92e93992494d93592a94293094d923-93894191d93e,विष विज्ञान सम्बन्धी महत्वपूर्ण सुझाव
विषाणु-रोगों-का-एकीकृत-प्रबंधन,विषाणु रोगों का एकीकृत प्रबंधन
विषाणु_वायरस_-जनित-रोग,विषाणु(वायरस) जनित रोग
extension-practices,विस्तार प्रथाएं
वृक्षारोपण-हेतु-अनुदान-सहायता-राशि,वृक्षारोपण हेतु अनुदान सहायता राशि
वेजीटेबल-सोयाबीन-की-विविधता-स्वर्ण-वसुंधरा_-कृषि-व्यवसाय-के-लिए-एक-अवसर,वेजीटेबल सोयाबीन की विविधता-स्वर्ण वसुंधरा: कृषि-व्यवसाय के लिए एक अवसर
93594891c94d91e93e92893f915-90f935902-924915928940915940-91593e93094d92f-92f94b91c92893e-915947-9159,वैज्ञानिक एवं तकनीकी कार्य योजना के कार्यान्वयन के लिए नीति स्तर की सिफारिशें(परिदृश्य 2030)
वैज्ञानिक-पद्धति-से-खरपतवारों-से-मुक्ति,वैज्ञानिक पद्धति से खरपतवारों से मुक्ति
93594891c94d91e93e92893f915-93593f92793f-90592a92893e908-90592793f915-93293e92d-91592e93e92f93e,"वैज्ञानिक विधि अपनाई, अधिक लाभ कमाया"
93594892893f93293e,वैनिला
93594d92f93593893e92f93f915-92a94193794d92a-90992494d92a93e926928-92e947902-93894291594d93794d92e-93,व्यवसायिक पुष्प उत्पादन में सूक्ष्म सिंचाई की उपयोगिता
93594d92f93593893e92f93f915-92c91f928-91694192e94d92c-92b93e93094d92e-915940-93890293091a92893e,व्यवसायिक बटन खुम्ब फार्म की संरचना
93594d92f93e93593893e92f93f915-90992494d92a93e926928-915947-93293f90f-92893094d938930940-91593e-92a9,व्यावसायिक उत्पादन और नर्सरी प्रबन्धन
93594d92f93e93593893e92f93f915-91594793293e-90992494d92a93e926928-938947-92e93f932940-93894d92593e92,व्यावसायिक केला उत्पादन से मिली स्थायी आजीविका
936915930915902926-90992894d928924-91593f93894d92e,शकरकंद : उन्नत किस्म
शरदकालीन-अन्य-सब्जियां,शरदकालीन अन्य सब्जियां
शरदकालीन-गन्ना,शरदकालीन गन्ना
शरदकालीन-मक्का-एवं-गन्ना,शरदकालीन मक्का एवं गन्ना
शरीफा-की-खेती,शरीफा की खेती
शहतूत-जेली,शहतूत जेली
शहतूत-शरबत-एवं-स्कवैश,शहतूत शरबत एवं स्कवैश
शहतूती-रेशम-के-लिए-आवश्यक-मार्गदर्शिका-null-1,शहतूती रेशम के लिए आवश्यक मार्गदर्शिका
936939926-90992494d92a93e926928-915947-92a93694d91a93e924-909938915947-92a94d93094b93894793893f90291,शहद उत्पादन के पश्चात उसके प्रोसेसिंग के तरीके
93693e91592e94d92d930940-92f94b91c92893e,शाकम्भरी एवं अन्य योजनाएं
शाकीय-फसलों-में-सिंचाई-एवं-जल-प्रबंधन,शाकीय फसलों में सिंचाई एवं जल प्रबंधन
शिमला-मिर्च-की-उत्पादन-तकनीक-null-1,शिमला मिर्च की उत्पादन तकनीक
शिमला-मिर्च-की-जैविक-खेती,शिमला मिर्च की जैविक खेती
शिमला-मिर्च-की-संरक्षित-खेती,शिमला मिर्च की संरक्षित खेती
93693f92e93293e-92e93f93094d91a-92e947902-93892e94791593f924-92893e93694091c940935-92a94d93092c90292,शिमला मिर्च में कीट प्रबंधन
मिर्च,शिमला मिर्च/मिर्च
शीघ्र-नष्ट-होने-वाली-फसलों-के-लिए-कोल्ड-स्टोरेज,शीघ्र नष्ट होने वाली फसलों के लिए कोल्ड स्टोरेज
शीतकालीन-गन्ना,शीतकालीन गन्ना
शीतकालीन-मक्का,शीतकालीन मक्का
शीतकालीन-मक्का-एवं-जाै,शीतकालीन मक्का एवं जाै
93694191594d93093e923941-91893e93093f92493e-93594093094d92f-90993094d93593092493e-91593e-90692793e93,शुक्राणु घारिता: वीर्य उर्वरता का आधार
शुष्क-क्षेत्र-की-फसलों-में-चूहा-नियंत्रण,शुष्क क्षेत्र की फसलों में चूहा नियंत्रण
शुष्क-क्षेत्रों-में-तुम्बा-की-खेती-है-लाभकारी,शुष्क क्षेत्रों में तुम्बा की खेती है लाभकारी
copy_of_93694193794d915-92d94292e93f-91594393793f-924915928940915,शुष्क भूमि कृषि तकनीक
93694193794d915-92d94292e93f-91594393793f-924915928940915,शुष्क भूमि कृषि तकनीक
श्री-चंदन-कुमार-खुंटिया_-एक-सफल-किसान-उद्यमी,श्री चंदन कुमार खुंटिया: एक सफल किसान-उद्यमी
श्री-विधि-से-उन्नति-कर-रहे-सिमडेगा-के-कृषक,श्री विधि से उन्नति कर रहे सिमडेगा के कृषक
श्री-विधि-से-धान-के-उत्प्रेरक-बने-पश्चिम-सिंहभूम-के-कृषक,श्री विधि से धान के उत्प्रेरक बने पश्चिम सिंहभूम के कृषक
श्वेत-क्रांति-ला-रही-है-आधी-आबादी-null-1,श्वेत क्रांति ला रही है आधी आबादी
श्वेत-जड़-विगलन-रोग,श्वेत जड़ विगलन रोग
938902915930-91793e92f-92a93e932928-92e947902-92794d92f93e928-926947928947-92f94b91794d92f-92c93e924,संकर गाय पालन में ध्यान देने योग्य बातें
संकर-धान,संकर धान
संकर-प्रजनन-से-मुनाफा,संकर प्रजनन से मुनाफा
संकर-मक्का-एवं-संकर-ज्वार,संकर मक्का एवं संकर ज्वार
938902915930-93892c94d91c93f92f94b902-915940-916947924940,संकर सब्जियों की खेती
संकर-सूकर-पालन,संकर सूकर पालन
93890291594d93093e92e915-915940-92c94092e93e930940-938947-92c91a93e935-915947-90992a93e92f,संक्रामक की बीमारी से बचाव के उपाय
संक्रामक-रोगों-के-विरुद्ध-शक्तिशाली-उपकरण,संक्रामक रोगों के विरुद्ध शक्तिशाली उपकरण
93890291794d93093993f924-90592893e91c-915947-91594091f-92a94d93092c902927928-915947-93293f90f-917948,संग्रहित अनाज के कीट प्रबंधन के लिए गैजेट्स
93890291891f915-92f94b91791c-90f902935-92a94d93093890293894d915930923-93893993e92f92493e,"संघटक, योगज एंव प्रसंस्करण सहायता"
938902924930947-915940-92c93e91793593e928940-939947924941-91594393793f-91593e93094d92f92e93e93293e-9,संतरे की बागवानी-मध्यप्रदेश के संदर्भ में
संतरे-के-प्रमुख-कीटों-का-नियंत्रण,संतरे के प्रमुख कीटों का नियंत्रण
93890292494193293f924-92a936941-90693993e930,संतुलित पशु आहार
93890292d93e93593f924-93894291694b902-91593e-92893f92693e928,संभावित सूखों का निदान
93890293091594d937923-916947924940-91593e-92693e92f93093e,संरक्षण खेती का दायरा
93890293091594d937923-916947924940-915947-92b93e92f926947,संरक्षण खेती के फायदे
93890293091594d937923-916947924940-915947-93293f90f-92e93992494d93592a94293094d923-92a94d93092c90292,संरक्षण खेती के लिए महत्वपूर्ण प्रबंधन तकनीकियाँ
93890293091594d937923-916947924940-915947-93893f92694d92793e90292494b902-92a930-90692793e93093f924-9,संरक्षण खेती के सिद्धांतों पर आधारित खाद्यान्न सुरक्षा की एक सामरिक रुपरेखा
संरक्षित-खेती,संरक्षित खेती
संरक्षित-खेती-दोगुनी-आय-का-स्रोत,संरक्षित खेती दोगुनी आय का स्रोत
93890293694b92793f924-93093e93794d91f94d93094092f-91593f93893e928-92894092493f,संशोधित राष्ट्रीय किसान नीति
संसाधन-संरक्षण-के-लिए-कृषि-मशीनें,संसाधन संरक्षण के लिए कृषि मशीनें
93891c93e93591f940-92e91b93293f92f94b902-91593e-92a93e932928,सजावटी मछलियों का पालन
सजावटी-मछलियों-के-पालन-में-आहार-प्रबंधन,सजावटी मछलियों के पालन में आहार प्रबंधन
सजावटी-मछलियों-को-भारत-में-आयात-करने-से-संबंधित-दिशानिर्देश,सजावटी मछलियों को भारत में आयात करने से संबंधित दिशानिर्देश
सटीक-कृषि-पारिस्थितिकी_-भविष्य-के-लिए-नया-कृषि-समाधान,सटीक कृषि पारिस्थितिकी: भविष्य के लिए नया कृषि समाधान
सटीक-कृषि-में-आर्टिफिशियल-इंटेलिजेंस-का-उपयोग,सटीक कृषि में आर्टिफिशियल इंटेलिजेंस का उपयोग
938924924-91594393793f,सतत कृषि
938924924-916947924940-915947-93293f90f-92a94d93093e91594392493f915-93890293893e92792894b902-91594b-,सतत खेती के लिए प्राकृतिक संसाधनों को समृद्ध करना
938924930902917940-916947924940-938947-92e93f932940-905932917-92a93991a93e928,सतरंगी खेती से मिली अलग पहचान
938924939940-92c94091c93e908-2013-917940932940-92d94292e93f-92a930-917947939942901-90992494d92a93e92,सतही बीजाई – गीली भूमि पर गेहूँ उत्पादन तकनीक
सतावर-अथवा-शतावरी-null-1,सतावर अथवा शतावरी
सत्य-बीज-आलू-उत्पादन-की-उन्नत-तकनीक,सत्य बीज आलू उत्पादन की उन्नत तकनीक
सनई-की-खेती,सनई की खेती
93892b932-91593993e92893f92f93e902,सफल कहानियां
सफलता-की-कहानी-लोहरदगा-के-किसान-श्री-सोमनाथ-की-जुबानी,सफलता की कहानी लोहरदगा के किसान श्री सोमनाथ की जुबानी
93892b93292493e-91793e92593e-91c932-93890291a92f-92a94d93094c92694d92f94b91793f915940-938947-91593f9,"सफलता गाथा, जल संचय प्रौद्योगिकी से किसानों की आमदनी में बढ़ोतरी"
93892b93e908-93694d930947923940-92a94392591594d915930923-90992a915930923,सफाई/श्रेणी/पृथक्करण उपकरण
सफेद-मूसली,सफेद मूसली
सफेद-मूसली-की-कृषि-तकनीक,सफेद मूसली की कृषि तकनीक
93892b947926-92e942938932940-915940-916947924940,सफेद मूसली की खेती
सफेद-मूसली-की-खेती-से-अधिक-मुनाफा-कमाएँ,सफेद मूसली की खेती से अधिक मुनाफा कमाएँ
सब्जियां-एवं-फल,सब्जियां एवं फल
सब्जियाें-की-फसल-की-देखभाल,सब्जियाें की फसल की देखभाल
सब्जियाें-के-साथ-फूलों-की-खेती-से-अधिक-आय,सब्जियाें के साथ फूलों की खेती से अधिक आय
93892c94d91c93f92f94b902-915940-916947924940,सब्जियों की खेती
93892c94d91c93f92f94b902-915940-916947924940-92e947902-90993094d935930915-91593e-92a94d93092f94b917,सब्जियों की खेती में उर्वरक का प्रयोग
93892c94d91c93f92f94b902-915940-91c94893593f915-91594393793f,सब्जियों की जैविक कृषि
सब्जियों-की-पौधशाला-का-उचित-प्रबंधन,सब्जियों की पौधशाला का उचित प्रबंधन
सब्जियों-की-पौधशाला-का-उचित-प्रबंधन-प्याज-की-खेती-1,सब्जियों की पौधशाला का उचित प्रबंधन
93892c94d91c93f92f94b902-92e947902-91594d93794792494d93093593e930-92e93e92894d92f915943924-93892e947,सब्जियों में क्षेत्रवार मान्यकृत समेकित नाशीजीव प्रबंधन प्रौद्योगिकियां
93892c94d91c93f92f94b902-92e947902-91693092a92493593e930-92a94d93092c902927928,सब्जियों में खरपतवार प्रबंधन
93892c94d91c93f92f94b902-92e947902-93892e94791593f924-93094b917-92a94d93090292c927928,सब्जियों में समेकित रोग प्रंबधन
सब्जी-उत्पादन-के-नये-आयाम,सब्जी उत्पादन के नये आयाम
93892c94d91c940-90992494d92a93e926928-92d90292193e930923-90f902935-92e94293294d92f93593094d927928-91,"सब्जी उत्पादन, भंडारण एंव मूल्यवर्धन की उन्नतशील तकनीक"
सब्जी-की-खेती-के-प्रकार,सब्जी की खेती के प्रकार
93892c94d91c940-915940-92e94191694d92f-92b93893294b902-92e947902-93594892793f915-93892e94791593f924-,सब्जी की फसल और समेकित नाशीजीव प्रबंधन
सब्जी-फसलाें-की-देखभाल,सब्जी फसलाें की देखभाल
सब्जी-फसलें-2,सब्जी फसलें-2
सब्जी-फसलों-का-उत्पादन-एवं-प्रबंधन,सब्जी फसलों का उत्पादन एवं प्रबंधन
सब्जी-फसलों-में-कीट-प्रबंधन-की-सफल-कहानी,सब्जी फसलों में कीट प्रबंधन की सफल कहानी
सब्जी-फसलों-में-जड़गांठ-सूत्रकृमि-का-एकीकृत-कीट-प्रबंधन,सब्जी फसलों में जड़गांठ सूत्रकृमि का एकीकृत कीट प्रबंधन
सब्जी-बेच-समाज-बदलने-का-संकल्प,सब्जी बेच समाज बदलने का संकल्प
सब्जी-मटर-एवं-जाड़े-की-अन्य-सब्जियां,सब्जी मटर एवं जाड़े की अन्य सब्जियां
सब्जी-वाली-फसलें-1,सब्जी वाली फसलें-1
सब्जी-वाली-फसलों-का-उत्पादन-एवं-प्रबंधन,सब्जी वाली फसलों का उत्पादन एवं प्रबंधन
समन्वित-कीट-प्रबंधन-के-अवयव,समन्वित कीट प्रबंधन के अवयव
समन्वित-कृषि-प्रणाली,समन्वित कृषि प्रणाली
93892e92894d93593f924-916947924940,समन्वित खेती
समन्वित-पोषक-तत्व-प्रबंधन-के-लिये-आईपीएनएस-एसटीसीआर-प्रौद्योगिकी,समन्वित पोषक तत्व प्रबंधन के लिये आईपी.एन.एस.-एस.टी.सी.आर. प्रौद्योगिकी
93892e93094d925928-92e94293294d92f-91593e-93593f92a923928,समर्थन मूल्य का विपणन
93892e94192694d93092491f94092f-91c932-91594393793f-939947924941-92693f93693e-92893f93094d926947936,समुद्रतटीय जल-कृषि हेतु दिशा-निर्देश
93892e94192694d930940-93694893593e93294b902-915940-91594393793f-939947924941-92693f93693e-92893f9309,समुद्री शैवालों की कृषि हेतु दिशा-निर्देश
समृद्धि-के-लिए-परित्यक्त-कोयला-खदानें,समृद्धि के लिए परित्यक्त कोयला खदानें
93892e94791593f924-91594091f-92a94d93092c92894d927928,समेकित कीट प्रबन्धन
93892e94791593f924-92a94d93092393e932940-938947-91592e93e92f947-906920-93293e916,समेकित प्रणाली से कमाये आठ लाख
समेकित-मत्स्य-पालन,समेकित मत्स्य पालन
समेकित-मत्स्य-पालन-_-आज-की-आवश्यकता,समेकित मत्स्य पालन : आज की आवश्यकता
93892e94791593f924-93094b917-92a94d93090292c927928,समेकित रोग प्रंबधन
90f915940915943924-91c93293890292d930923-92a94d93092c902927928-91593e93094d92f91594d93092e-1,समेकित वाटरशेड प्रबंधन कार्यक्रम
सरसों-उन्नत-किस्म,सरसों : उन्नत किस्म
सरसों-की-उन्नत-खेती,सरसों की उन्नत खेती
93893093894b902-915940-916947924940,सरसों की खेती
93893093894b902-915940-92a94892693e93593e930-92c92293c93e928947-93593e932940-92893594092892492e-9159,सरसों की पैदावार बढ़ाने वाली नवीनतम कृषि तकनीक
93893093894b902-915940-92b938932-92e947902-90690892a94090f92e-92a94d93092393e932940-91593e-935948927,सरसों की फसल में आईपीएम प्रणाली का वैधीकरण – एक सफल कहानी
सरसों-की-सुरक्षा,सरसों की सुरक्षा
93893093894b902-92e947902-93892e94791593f924-92893e93694091c940935-92a94d93092c902927928,सरसों में समेकित नाशीजीव प्रबंधन
सरायकेला-जिले-की-मिट्टी-का-स्वास्थ्य,सरायकेला जिले की मिट्टी का स्वास्थ्य
सर्दियों-में-उचित-प्रबंधन-अपनाएं-बागों-से-खूब-लाभ-कमाएं,"सर्दियों में उचित प्रबंधन अपनाएं, बागों से खूब लाभ कमाएं"
सर्दियों-में-बागों-उचित-प्रबंध,सर्दियों में बागों उचित प्रबंध
सर्दी-में-पाले-से-कैसे-करें-फसलों-की-सुरक्षा,सर्दी में पाले से कैसे करें फसलों की सुरक्षा
सर्पगंधा-की-खेती,सर्पगंधा की खेती
सहजन-की-वैज्ञानिक-खेती,सहजन की वैज्ञानिक खेती
सहजन-के-पोषक-एवं-औषधीय-गुण,सहजन के पोषक एवं औषधीय गुण
सहजन_प्राकृतिक-औषधि-का-भण्डार,सहजन:प्राकृतिक औषधि का भण्डार
93893e902921-92a94d93092c902927928-90f935902-92694791692d93e932-93890292c902927940-92e93992494d93592,सांड प्रबंधन एवं देखभाल संबंधी महत्वपूर्ण विवेचना
सात-सूत्री-कार्यनीति-योजना,सात सूत्री कार्यनीति योजना
93893e92793e930923-91593f93893e928-938947-92a94d93092c902927928-917941930942-924915-91593e-91693f924,साधारण किसान से प्रबंधन गुरू तक का खिताब
93893e92e94293993f915-91594393793f-914930-93893991593e930940-93593f92a923928,सामूहिक कृषि और सहकारी विपणन
साहीवाल-गाय,साहीवाल गाय
93893e93994792c91790291c-91c93f932947-915940-92e93f91f94d91f940-91593e-93894d93593e93894d92594d92f,साहेबगंज जिले की मिट्टी का स्वास्थ्य
साेयाबीन-एवं-तिल,साेयाबीन एवं तिल
साेयाबीन-की-बुआई-एवं-देखभाल,साेयाबीन की बुआई एवं देखभाल
93893f90291a93e908,सिंचाई
93893f90291a93e908-91594d93792e92493e913902-91593e-93593f91593e938,सिंचाई क्षमताओं का विकास एवं अध्ययन सहायता
सिंचाई-जल-के-साथ-उर्वरक-_फर्टिगेशन_,सिंचाई जल के साथ उर्वरक (फर्टिगेशन)
सिंचाई_-जल-निकासी-और-मत्स्य-पालन-के-लिए-अक्षीय-प्रवाह-पंप-_afp_-और-मिश्रित-प्रवाह-पंप-_mfp_-का-प्रयो,"सिंचाई, जल निकासी और मत्स्य पालन के लिए अक्षीय प्रवाह पंप (AFP) और मिश्रित प्रवाह पंप (MFP) का प्रयोग"
93893f90291a93e908-92a94d93092793e928-92e90292494d930940-91594393793f-93893f90291a93e908-92f94b91c92,सिंचाई: प्रधान मंत्री कृषि सिंचाई योजना एवं अन्य योजनाएँ
93893f90291a93f924-938902915930-92793e928-90f935902-92e94290291792b932940,"सिंचित,संकर धान एवं मूंगफली"
93893f92490292c930-92e93e939-915947-91594393793f-91593e93094d92f,सितंबर माह के कृषि कार्य
सितम्बर-माह-के-कृषि-कार्य-null-1,सितम्बर माह के कृषि कार्य
93893f92e92194791793e-91c93f932947-915940-92e93f91f94d91f940-91593e-93894d93593e93894d92594d92f,सिमडेगा जिले की मिट्टी का स्वास्थ्य
सिम्बिडियम-ऑर्किड्स-की-जैविक-खेती,सिम्बिडियम ऑर्किड्स की जैविक खेती
सीएसआईआर_आईएचबीटी-ने-भारतीय-हिमालयी-क्षेत्र-में-असाफोटिडा-_हींग_-की-खेती-शुरू-करके-इतिहास-बनाया,सीएसआईआर–आईएचबीटी ने भारतीय हिमालयी क्षेत्र में असाफोटिडा (हींग) की खेती शुरू करके इतिहास बनाया
93894093893e-92a93093f92f94b91c92893e-915947-92a93093f92694393694d92f94b902-91593e-93593f935930923-1,सीसा परियोजना के परिदृश्यों का विवरण
सुंगधित-एवं-औषधीय-पौधों-की-खेती,सुंगधित एवं औषधीय पौधों की खेती
93894190291792793f924-92a94c92794b902-915940-916947924940-938947-92f941935915-91594b-92e93f932940-91,सुंगधित पौधों की खेती से युवक को मिली कामयाबी
सुगंधित-गुड़-से-बढ़ाई-आमदनी_,सुगंधित गुड़ से बढ़ाई आमदनी
सुगंधित-पौधों-की-खेती-और-प्रसंस्करण-करने-से-हिमाचल-में-किसानों-को-दोगुनी-आमदनी,सुगंधित पौधों की खेती और प्रसंस्करण करने से हिमाचल में किसानों को दोगुनी आमदनी
93894191790292793f924-935-91493792794092f-92a94c927947-915940-916947924940-938947-92c926932-93093994,सुगंधित व औषधीय पौधे की खेती से बदल रही जिंदगी
सुगन्धित-पौधे-_लेमन-ग्रास_-एवं-सेन्ट्रोनेला-का-उत्पादन-एवं-प्रसंस्करण,सुगन्धित पौधे-‘लेमन ग्रास’ एवं सेन्ट्रोनेला का उत्पादन एवं प्रसंस्करण
सुनहरी-महाशीर,सुनहरी महाशीर
सुस्थिर-कृषि-null-1,सुस्थिर कृषि
93894193894d92593f930-91d94090291793e-92a93e932928,सुस्थिर झींगा पालन
938942915930-915940-92893894d932947902,सूकर की नस्लें
938942915930-92a93e932928-91593293e,सूकर पालन कला
938942915930-92a93e932928-915940-90693094d92593f915940,सूकर पालन की आर्थिकी
93894291593094b902-92e947902-92a94d93092e941916-93593f93793e923941-91c92893f924-93094b917-90f902935-,सूकरों में प्रमुख विषाणु जनित रोग एंव उनकी रोकथाम
सूक्ष्म-कृषि-null-1,सूक्ष्म कृषि
सूक्ष्म-सिंचाई-तकनीक,सूक्ष्म सिंचाई तकनीक
सूखा-प्रभावित-क्षेत्रों-के-लिए-उपयोगी-हाइड्रोजेल,सूखा प्रभावित क्षेत्रों के लिए उपयोगी हाइड्रोजेल
93894291693e93094b927940-91794192394b902-93593e932940-92b938932-91794d93593e930,सूखारोधी गुणों वाली फसल-ग्वार
सूखे-के-प्रति-सहनशील-होने-के-लिए-फसल-प्रबंधन-रणनीतियाँ,सूखे के प्रति सहनशील होने के लिए फसल प्रबंधन रणनीतियाँ
सूरजमुखी,सूरजमुखी
सूरजमुखी-_हेलिऐन्थस-एनसएल_-के-विविध-उपयोंग,सूरजमुखी (हेलिऐन्थस एनसएल.) के विविध उपयोंग
93894293091c92e941916940-90992494d92a93e926928-915940-90992894d928924-924915928940915,सूरजमुखी उत्पादन की उन्नत तकनीक
93894293091c92e941916940-915940-916947924940,सूरजमुखी की खेती
सूरजमुखी-की-फसल-में-सस्य-प्रबंधन,सूरजमुखी की फसल में सस्य प्रबंधन
सूरजमुखी-स्वास्थ्य-खाद्य-और-औद्योगिक-क्षेत्रों-में-व्यापक-उपयोग,"सूरजमुखी: स्वास्थ्य, खाद्य और औद्योगिक क्षेत्रों में व्यापक उपयोग"
93894792c-90992494d92a93e926928-92e947902-92a94b937915-92492494d93594b902-91593e-92e93992494d935-90f,सेब उत्पादन में पोषक तत्वों का महत्व एवं प्रंबधन
93894792c-91593e-90792894d91f93094d91593294d91a930932-92a93093f91a93e932928,सेब का इन्टर्कल्चरल परिचालन
सेब-की-खेती,सेब की खेती
93894792c-915940-91794d93093e92b94d91f93f902917,सेब की ग्राफ्टिंग
93894792c-915940-92b938932-91591f93e908-90992a93093e902924-92a94d93094c92694d92f94b91793f915940,सेब की फसल-कटाई उपरांत प्रौद्योगिकी
सेब-के-खेती-महत्वपूर्ण-बिंदु,सेब के खेती- महत्वपूर्ण बिंदु
93894792c-915947-93094b91794b902-915940-93094b91592593e92e-93890292c902927940-91c93e92891593e930940,सेब के रोगों की रोकथाम संबंधी जानकारी
93894792c-92e947902-91594091f-90f935902-92893f92f90292494d930923,सेब में कीट एवं नियंत्रण
93894792c-92e947902-93094b917-914930-92893f92f90292494d930923,सेब में रोग और नियंत्रण
सेम,सेम
सेम-_लत्तीदार_,सेम (लत्तीदार)
सेम-वर्गीय-सब्जियाँ,सेम वर्गीय सब्जियाँ
सॉयल-हेल्थ-कार्ड-स्कीम,सॉयल हेल्थ कार्ड स्कीम
93894992f932-93994893294d925-91593e93094d921-90f93890f91a938940-92f94b91c92893e-91594d92f93e-939948,सॉयल हैल्थ कार्ड (एसएचसी) योजना क्या है?
सॉवा,सॉवा
सोयाबीन,सोयाबीन
93894b92f93e92c940928-91593e-93593f92a941932-90992494d92a93e926928-915948938947-92a94d93093e92a94d92,सोयाबीन का विपुल उत्पादन कैसे प्राप्त करें
सोयाबीन-की-खेती,सोयाबीन की खेती
सोयाबीन-की-बिक्री-में-ध्यान-रखने-योग्य-बिन्दु,सोयाबीन की बिक्री में ध्यान रखने योग्य बिन्दु
सोयाबीन-प्रसंस्करण-उद्योग-की-स्थापना_-उद्यमिता-विकास-कार्यक्रम,सोयाबीन प्रसंस्करण उद्योग की स्थापना: उद्यमिता विकास कार्यक्रम
93894b92f93e92c940928-92e947902-91693092a92493593e930-92a94d93092c902927928,सोयाबीन में खरपतवार प्रबंधन
सोयाबीन-है-पोषण-सुरक्षा-का-महत्वपूर्ण-स्रोत,सोयाबीन है पोषण सुरक्षा का महत्वपूर्ण स्रोत
सौंफ-की-फसल-से-अर्थव्यवस्था-में-सुधार,सौंफ की फसल से अर्थव्यवस्था में सुधार
सौर-ऊर्जा-से-आत्मनिर्भर-बनते-किसान,सौर ऊर्जा से आत्मनिर्भर बनते किसान
सौर-प्रशीतित-बैटरीरहित-पूसा-फार्म-सनफ्रिज,सौर प्रशीतित बैटरीरहित पूसा फार्म सनफ्रिज
93894d91f94093593f92f93e-915940-916947924940,स्टीविया की खेती
स्टीविया-की-मांग-में-हुई-है-बढ़ोतरी,स्टीविया की मांग में हुई है बढ़ोतरी
93894d91f94093593f92f93e-915940-93594891c94d91e93e92893f915-916947924940,स्टीविया की वैज्ञानिक खेती
स्टीविया-की-वैज्ञानिक-खेती,स्टीविया की वैज्ञानिक खेती
स्ट्राबेरी-की-खेती,स्ट्राबेरी की खेती
स्ट्राबेरी-की-खेती-से-आजीविका-में-सुधार,स्ट्राबेरी की खेती से आजीविका में सुधार
स्थायी-आजीविका-और-आय-बढ़ाने-की-दिशा-में-मेलिपोनिकल्चर,स्थायी आजीविका और आय बढ़ाने की दिशा में मेलिपोनिकल्चर
स्पायरूलिना-के-गुण-एवं-उत्पादन,स्पायरूलिना के गुण एवं उत्पादन
स्वचालित-सोया-दूध-संयंत्र,स्वचालित सोया दूध संयंत्र
स्वच्छ-दुग्ध-उत्पादन,स्वच्छ दुग्ध उत्पादन
93894d93591a94d91b-92694191794d927-90992494d92a93e926928,स्वच्छ दुग्ध उत्पादन
93894d93591a94d91b-92694191794d927-90992494d92a93e926928-915940-92e93992494d92493e,स्वच्छ दुग्ध उत्पादन की महत्ता
93894d93591a94d91b-92694191794d927-90992494d92a93e926928-91594d92f94b902-914930-915948938947,स्वच्छ दुग्ध उत्पादन: क्यों और कैसे
93894d93593e93894d92594d92f-90f935902-93094b917940-92a936941-915947-93291594d937923-92492593e-93094b,स्वास्थ्य एवं रोगी पशु के लक्षण तथा रोगी पशुओं का प्रबंध
स्वास्थ्य-और-समृद्धि-के-लिए-जैविक-खेती,स्वास्थ्य और समृद्धि के लिए जैविक खेती
स्वास्थ्य-और-सेहत-से-भरी-_लीची_,"स्वास्थ्य और सेहत से भरी ""लीची"""
स्वास्थ्य-और-सेहत-से-भरी-लीची,स्वास्थ्य और सेहत से भरी लीची
स्वास्थ्य-का-खजाना-है-गिलोय,स्वास्थ्य का खजाना है गिलोय
93991c93e93094092c93e917-91c93f932947-915940-92e93f91f94d91f940-91593e-93894d93593e93894d92594d92f,हजारीबाग जिले की मिट्टी का स्वास्थ्य
93991c93e93094b902-91593f93893e92894b902-91594b-916947924940-938947-93093e939-92693f91693e908-92693f,हजारों किसानों को खेती से दिखी राह
हरा-चारा,हरा चारा
हरियाणा-के-सुनील-कुमार-बने-प्रगतिशील-मधुमक्खी-पालक,हरियाणा के सुनील कुमार बने प्रगतिशील मधुमक्खी पालक
93993093f92f93e92393e-91793e92f-92893894d932-93894192793e930-91593e93094d92f91594d93092e,हरियाणा गाय नस्ल सुधार कार्यक्रम
93993093f92f93e92393e-93093e91c94d92f-92e947902-92e92794192e91594d916940-92a93e932928,हरियाणा राज्य में मधुमक्खी पालन
93993093f92f93e932940-915947-93293f90f-92e93e93094d91792693094d936940-93893f92694d92793e902924,हरियाली के लिए मार्गदर्शी सिद्धांत
हरी-खाद,हरी खाद
हरी-खाद-का-उपयोग-करें_-भूमि-की-उर्वरा-शक्ति-बढ़ाएं,"हरी खाद का उपयोग करें, भूमि की उर्वरा शक्ति बढ़ाएं"
हरी-खाद-वाली-फसलें,हरी खाद वाली फसलें
हरी-पत्तियां-आधारित-मत्स्य-आहार,हरी पत्तियां आधारित मत्स्य आहार
939930947-91a93e93093e-915947-93293f90f-91c94c-915940-92694d93593f90992694d92694793694092f-92b938932,हरे चारा एवं जौ की फसल
हरे-चारे-के-रूप-में-कैक्टस-की-उपयोगिता,हरे चारे के रूप में कैक्टस की उपयोगिता
हरे-चारे-के-लिए-मक्का-लोबिया-की-बुवाई-करें,हरे चारे के लिए मक्का-लोबिया की बुवाई करें
हरे-चारे-को-संरक्षित-करने-की-विधियाँ,हरे चारे को संरक्षित करने की विधियाँ
हरे-व-सूखे-चारे-का-उत्तम-स्रोत-है-सेवण-घास,हरे व सूखे चारे का उत्तम स्रोत है सेवण घास
93993094d92c932-93894d92a94d930947,हर्बल स्प्रे
93993294d926940-90f935902-905926930916-915947-91493792794092f-917941923-90f935902-916947924940,हल्दी एवं अदरख के औषधीय गुण एवं खेती
हल्दी-की-खेती,हल्दी की खेती
हल्दी-की-जैविक-खेती-से-संबंधित-कृषि-क्रियाएं,हल्दी की जैविक खेती से संबंधित कृषि क्रियाएं
copy_of_93993294d926940-915940-93594891c94d91e93e92893f915-916947924940,हल्दी की वैज्ञानिक खेती
93993294d926940-915940-93594891c94d91e93e92893f915-916947924940,हल्दी की वैज्ञानिक खेती
हल्दीअदरक-एवं-टमाटर,"हल्दी,अदरक एवं टमाटर"
93993894d92491a93e93293f924-91493893e908-92f90292494d930-938947-92c92293c940-91592e93e908,हस्तचालित औसाई यंत्र
हाईटेक-बीज-उत्पादन-प्रणाली-से-भारत-के-बीज-आलू-उद्योग-में-क्रान्ति,हाईटेक बीज उत्पादन प्रणाली से भारत के बीज आलू उद्योग में क्रान्ति
हाईड्रोपोनिक्स-हरा-चारा-उत्पादन-तकनीक-से-बढ़ा-मुनाफा,हाईड्रोपोनिक्स हरा चारा उत्पादन तकनीक से बढ़ा मुनाफा
हिमकृत-सीमेन-का-रखरखाव-एवं-हैंडलिंग-_जाँच-सूची_,हिमकृत सीमेन का रखरखाव एवं हैंडलिंग (जाँच सूची)
93993f92e93e902915-93890293091594d937923-91594d93093e92f94b92a94d93093f91c93094d935947936928-9249159,हिमांक संरक्षण (क्रायोप्रिजर्वेशन) तकनीकी से भारतीय प्रमुख कार्प प्रजनक मछलियों का नस्ल सुधार
93993f92e93e91a932-92a94d930926947936-92e947902-906921942-92a94d93292e-935-91694192e93e928940-915947,"हिमाचल प्रदेश में आडू, प्लम व खुमानी के मुख्य कीट व रोग नियंत्रण"
हिमाचल-प्रदेश-में-आम-की-बागवानी-_-एक-संपूर्ण-जानकारी,हिमाचल प्रदेश में आम की बागवानी – एक संपूर्ण जानकारी
93993f92e93e91a932-92a94d930926947936-92e947902-91594790291a941906-91693e926-92c92893e928947-915940-,हिमाचल प्रदेश में केंचुआ खाद बनाने की प्रक्रिया
93993f92e93e91a932-92a94d930926947936-92e947902-91694192e94d92c-93593f91593e938,हिमाचल प्रदेश में खुम्ब विकास
93993f92e93e91a932-92a94d930926947936-92e947902-91c94893593f915-91594393793f-915940-93892e94d92d93e9,हिमाचल प्रदेश में जैविक कृषि की सम्भावनाएं
93993f92e93e91a932-92a94d930926947936-92e947902-91f94d93093e90991f-91593e-90992494d92a93e926928,हिमाचल प्रदेश में ट्राउट का उत्पादन
92c93e92693e92e-915947-93094b91794b902-915940-93094b91592593e92e-93890292c902927940-91c93e92891593e9,हिमाचल प्रदेश में बादाम के रोगों की रोकथाम संबंधी जानकारी
93993f92e93e91a932-92a94d930926947936-92e947902-93594891c94d91e93e92893f915-92293c902917-938947-92c9,हिमाचल प्रदेश में वैज्ञानिक ढ़ंग से बीज आलू उत्पादन
93993f92e93e93292f940-91594d93794792494d930-92e947902-92c90292693094b902-915947-92894191594d93893e92,हिमालयी क्षेत्र में बंदरों के नुक्सान से किसानों को बचाने के लिए हींग की खेती
हेयरी-रूट-एवं-स्कैब,हेयरी रूट एवं स्कैब
हैप्पी-सीडर-का-उपयोग-करके-जूट-की-खेती_-पश्चिम-बंगाल-के-तराई-क्षेत्र-में-एक-सफल-प्रयास,हैप्पी सीडर का उपयोग करके जूट की खेती: पश्चिम बंगाल के तराई क्षेत्र में एक सफल प्रयास
